縣市,行政區,戶外探索教育場,手球場(館),木球場,半場籃球場,卡巴迪球場,田徑場,合球場,曲棍球場,羽球場(館),自由車場,沙灘排球場,角力場/場、武術館(教室),足球場,身心障礙(銀髮族)運動休閒會館,其他,武術場,空手道場/館,保齡球館,柔術場,柔道場/館,射箭場,拳擊場/館,桌球場(館),迷你高爾夫球場,馬術場,高爾夫球場,高爾夫球練習場,健力室,健身房(含重量訓練室),排球場(館),棒、壘球打擊練習場,棒球場,游泳池(館),跆拳道場/館,極限運動場,滑冰場(冰宮),滑輪場(直排輪場),躲避球場,靶場/射擊場,槌球場,滾球場,網球場(館),舞蹈教室,劍道場/館,撞球場,樂活運動站,壁球場,橄欖球場(聯合式橄欖球場),擊劍場,環形/直線慢跑道(非田徑場型),舉重室,壘球場,攀岩場,籃球場,體操室/館,總計
宜蘭縣,三星鄉,0,0,0,0,0,3,0,0,1,0,0,0,1,0,0,0,0,0,0,0,0,0,1,0,0,0,0,0,0,0,1,0,1,0,0,0,0,0,0,0,0,0,0,0,0,0,0,0,0,1,0,0,0,5,0,14
宜蘭縣,大同鄉,0,0,0,0,0,5,0,0,0,0,0,0,0,0,0,0,0,0,0,0,0,0,0,0,0,0,0,0,0,0,0,0,0,0,0,0,0,0,0,0,0,0,0,0,0,0,0,0,0,0,0,0,0,2,0,7
宜蘭縣,五結鄉,0,0,0,0,0,4,0,0,1,0,0,0,1,1,0,0,0,0,0,0,0,0,0,0,0,0,0,0,0,0,0,0,0,0,0,0,1,0,0,0,1,0,0,0,0,0,0,0,0,0,0,0,0,10,1,20
宜蘭縣,冬山鄉,0,0,0,1,0,4,0,0,0,0,0,0,0,0,0,0,0,0,0,0,0,0,1,0,0,0,0,0,0,1,1,0,0,0,0,0,0,1,0,0,0,0,0,0,0,0,0,0,0,1,0,0,0,12,0,22
宜蘭縣,壯圍鄉,0,0,0,0,0,3,0,0,1,0,0,0,0,0,0,0,0,0,0,0,0,0,0,0,0,0,0,0,0,1,0,1,0,0,0,0,0,1,0,0,0,0,0,0,0,0,0,0,0,0,0,0,0,9,0,16
宜蘭縣,宜蘭市,0,0,0,1,0,7,0,0,8,0,0,0,1,0,1,0,0,0,0,0,0,0,5,0,0,0,0,0,2,5,0,0,1,0,0,0,0,4,0,0,0,3,2,0,0,2,0,0,0,1,0,0,1,23,0,67
宜蘭縣,南澳鄉,0,0,0,0,0,2,0,0,2,0,0,0,0,0,1,0,0,0,0,0,0,0,0,0,0,0,0,0,1,1,0,0,0,0,0,0,0,0,0,0,0,0,1,0,0,0,0,0,0,2,0,0,1,3,0,14
宜蘭縣,員山鄉,0,0,0,0,0,2,0,0,4,0,0,0,1,0,2,0,0,0,0,0,0,0,1,0,0,0,0,0,0,1,0,0,0,0,0,0,0,1,0,0,0,0,0,0,0,0,0,0,0,0,0,0,0,6,0,18
宜蘭縣,頭城鎮,0,0,0,1,0,5,0,0,6,0,0,0,1,0,0,0,0,0,0,0,0,0,2,0,0,0,0,0,1,2,0,0,1,1,0,0,2,1,0,0,0,1,1,0,1,0,0,0,0,0,0,0,1,12,0,39
宜蘭縣,礁溪鄉,0,0,0,0,0,2,0,0,1,0,0,0,0,0,1,0,0,0,0,0,0,0,0,0,0,1,0,0,0,2,0,0,1,0,0,0,0,0,0,0,0,0,0,0,0,0,0,0,0,1,0,0,0,9,0,18
宜蘭縣,羅東鎮,0,0,0,1,0,4,0,0,7,0,0,2,0,0,0,1,0,0,0,0,0,0,0,0,0,0,0,0,0,2,1,2,2,0,0,0,0,1,0,0,0,3,0,0,0,0,0,1,0,1,0,1,0,10,0,39
宜蘭縣,蘇澳鎮,0,0,0,0,0,3,0,0,3,0,0,0,1,0,1,0,0,0,0,0,0,0,0,0,0,0,0,0,0,1,0,1,2,0,0,0,1,1,0,0,0,1,0,0,0,0,0,0,0,1,0,1,0,12,0,29
花蓮縣,玉里鎮,0,0,0,0,0,10,0,0,2,0,0,0,0,0,0,0,0,0,0,0,0,0,1,0,0,0,0,0,1,3,0,1,2,0,0,0,0,1,0,0,0,3,0,0,0,0,0,0,0,4,0,0,0,11,0,39
花蓮縣,光復鄉,0,0,0,1,0,5,0,0,3,0,0,0,3,0,2,0,0,0,0,0,0,0,1,0,0,0,0,0,1,1,0,3,1,0,0,0,0,0,0,0,0,1,0,0,0,0,0,0,0,1,0,1,0,7,0,31
花蓮縣,吉安鄉,0,0,0,0,0,7,0,0,6,0,0,0,1,0,0,0,0,0,0,0,0,0,1,0,0,0,0,0,0,0,0,0,1,0,0,0,0,1,0,0,0,2,0,0,0,0,0,0,0,0,0,0,0,7,0,26
花蓮縣,秀林鄉,0,0,0,1,0,4,0,0,4,0,0,0,1,0,1,0,0,0,0,0,0,0,0,0,0,0,0,0,0,0,0,0,0,0,0,0,0,0,0,0,0,1,1,0,0,0,0,0,0,4,0,0,0,5,0,22
花蓮縣,卓溪鄉,0,0,0,0,0,4,0,0,0,0,0,0,0,0,0,0,0,0,0,0,0,0,0,0,0,0,0,0,0,2,0,0,0,0,0,0,0,0,1,0,0,0,0,0,0,0,0,0,0,1,0,0,0,4,0,12
花蓮縣,花蓮市,0,0,0,0,0,18,0,0,9,0,0,0,4,0,1,0,0,0,0,0,1,0,5,0,0,0,0,0,4,9,2,2,9,0,0,0,0,0,1,0,0,7,4,0,1,0,0,0,0,2,0,1,0,26,1,107
花蓮縣,富里鄉,0,0,0,0,0,5,0,0,2,0,0,0,1,0,2,0,0,0,0,0,0,0,1,0,0,0,0,0,0,0,0,0,0,0,0,0,0,0,0,0,0,0,0,0,0,0,0,0,0,0,0,0,0,3,0,14
花蓮縣,新城鄉,0,0,0,0,0,3,0,0,3,0,0,0,1,0,1,0,0,0,0,0,0,0,1,0,0,0,0,0,1,3,0,0,1,0,0,0,0,0,0,0,0,0,0,0,0,0,0,0,0,1,0,1,0,7,0,23
花蓮縣,瑞穗鄉,0,0,0,0,0,5,0,0,0,0,0,0,1,0,1,0,0,0,0,0,0,0,1,0,0,0,0,0,0,0,0,0,1,0,0,0,0,0,0,0,0,1,0,0,0,0,0,0,0,0,0,0,0,5,0,15
花蓮縣,萬榮鄉,0,0,0,0,0,3,0,0,0,0,0,0,1,0,0,0,0,0,0,0,0,0,0,0,0,0,0,0,0,2,0,0,0,0,0,0,0,1,0,0,0,0,0,0,0,0,0,0,0,0,0,0,0,3,0,10
花蓮縣,壽豐鄉,1,0,0,0,0,6,0,0,3,0,0,0,5,0,0,0,0,0,0,0,0,0,1,1,0,0,0,0,0,5,1,1,1,0,0,0,0,0,0,0,0,2,0,0,0,0,0,0,0,3,0,1,2,9,0,42
花蓮縣,鳳林鎮,0,0,0,0,0,5,0,0,2,0,0,0,1,0,0,0,0,0,0,0,0,0,1,0,0,0,0,0,0,0,0,0,0,0,0,0,0,1,0,0,0,2,0,0,0,0,1,0,0,0,0,0,0,2,0,15
花蓮縣,豐濱鄉,0,0,0,0,0,5,0,0,1,0,0,0,0,0,1,0,0,0,0,0,0,0,0,0,0,0,0,0,0,0,0,0,0,0,0,0,0,0,0,0,0,0,0,0,0,0,0,0,0,0,0,0,0,3,0,10
金門縣,金沙鎮,0,0,0,0,0,6,0,0,4,0,0,0,0,0,1,0,0,0,0,0,0,0,1,0,0,0,0,0,0,0,0,0,1,0,0,0,0,0,0,0,0,0,0,0,0,0,0,0,0,0,0,0,0,9,0,22
金門縣,金城鎮,0,0,0,0,0,4,0,0,3,0,0,0,0,0,0,0,0,0,0,0,0,0,3,0,0,0,0,0,2,1,0,1,3,0,0,0,0,1,0,0,0,2,2,0,0,0,0,0,0,0,0,1,0,6,0,29
金門縣,金湖鎮,0,0,0,0,0,4,0,0,6,0,0,0,0,0,0,0,0,0,0,0,0,0,3,0,0,0,0,0,2,2,0,1,2,1,0,0,0,0,0,0,0,0,2,0,1,0,0,0,0,0,0,0,0,8,1,33
金門縣,金寧鄉,0,0,0,0,0,5,0,0,4,0,0,0,0,0,0,0,0,0,0,0,0,0,1,0,0,0,0,0,1,2,0,0,3,0,0,0,0,0,2,0,0,1,1,0,0,0,2,0,0,0,0,0,0,6,0,28
金門縣,烈嶼鄉,0,0,0,0,0,4,0,0,2,0,0,0,0,0,0,0,0,0,0,0,0,0,1,0,0,0,0,0,0,0,0,0,0,0,0,0,0,1,0,0,0,0,0,0,0,0,0,0,0,0,0,0,0,3,0,11
南投縣,中寮鄉,0,0,0,0,0,3,0,0,2,0,0,0,0,0,1,0,0,0,0,0,0,0,1,0,0,0,0,0,0,1,0,0,0,0,0,0,0,3,0,0,0,0,0,0,0,0,0,0,0,2,0,0,0,5,1,19
南投縣,仁愛鄉,0,0,0,1,0,6,0,0,3,0,0,1,0,0,0,0,0,0,0,0,0,0,1,0,0,0,0,0,0,1,0,1,0,0,0,0,0,0,0,0,0,0,1,0,0,0,0,0,0,2,0,0,0,12,0,29
南投縣,水里鄉,0,0,0,0,0,4,0,0,0,0,0,0,0,0,3,0,0,0,0,0,0,0,0,0,0,0,0,0,0,1,0,0,0,0,0,0,0,0,0,0,0,2,0,0,0,0,0,0,0,1,0,0,0,12,0,23
南投縣,名間鄉,0,0,0,0,0,5,0,0,4,0,0,0,0,0,2,0,0,0,0,0,0,0,0,0,0,0,0,0,0,1,0,1,0,0,0,0,1,1,0,0,0,0,0,0,0,0,0,0,0,0,0,0,0,9,0,24
南投縣,竹山鎮,0,0,0,0,0,9,0,1,11,0,0,0,1,0,0,0,0,0,0,0,0,0,3,0,0,0,0,0,1,3,0,0,1,0,0,0,0,1,0,1,0,5,1,0,0,0,0,0,0,2,0,0,0,7,0,47
南投縣,信義鄉,0,0,0,0,0,5,0,0,1,0,0,0,0,0,0,0,0,0,0,0,0,0,0,0,0,0,0,0,0,1,0,0,0,0,0,0,0,0,0,0,0,0,1,0,0,0,0,0,0,6,0,1,0,10,0,25
南投縣,南投市,0,0,0,0,0,13,0,0,15,0,1,0,1,0,3,0,0,0,0,0,0,0,1,0,0,0,1,0,1,5,0,1,2,0,0,0,0,1,0,1,0,4,0,0,0,0,0,0,0,5,0,0,0,22,0,77
南投縣,埔里鎮,0,0,0,0,0,11,0,0,5,0,0,0,0,0,1,0,0,0,0,0,0,0,1,1,0,0,0,0,1,4,0,0,3,1,0,0,0,0,0,0,0,2,2,0,0,0,0,0,0,3,0,2,0,19,0,56
南投縣,草屯鎮,0,0,0,1,0,12,0,0,9,0,0,0,0,0,2,1,0,0,0,0,0,0,5,0,0,0,0,0,1,2,0,0,1,1,0,0,0,3,0,0,0,4,0,0,0,0,0,0,0,1,0,0,0,14,0,57
南投縣,國姓鄉,0,0,0,1,0,2,0,0,0,0,0,1,0,0,0,0,0,0,0,0,0,0,2,0,0,0,0,0,0,3,0,0,1,0,0,0,0,1,0,0,0,0,0,0,0,0,0,0,0,1,0,0,0,8,0,20
南投縣,魚池鄉,0,0,0,0,0,3,0,0,4,0,0,0,1,0,1,0,0,0,0,0,0,0,0,0,0,0,0,0,0,1,0,0,0,0,0,0,0,0,0,0,0,2,0,0,0,0,0,0,0,2,0,0,0,5,0,19
南投縣,鹿谷鄉,0,0,0,0,0,6,0,0,3,0,0,0,1,0,1,0,0,0,0,0,0,0,2,0,0,0,0,0,0,2,0,0,0,0,0,0,0,1,0,0,0,2,0,0,0,0,0,0,0,1,0,0,0,5,0,24
南投縣,集集鎮,0,0,0,1,0,2,0,0,3,0,0,0,0,0,0,0,0,0,1,0,0,0,0,0,0,0,0,0,0,0,0,0,1,0,0,0,0,0,0,0,0,1,0,0,0,0,0,0,0,1,0,0,0,2,0,12
屏東縣,九如鄉,0,0,0,0,0,2,0,0,0,0,0,0,0,0,0,0,0,0,0,0,0,0,0,0,0,0,0,0,0,2,0,0,1,0,0,0,1,1,0,1,1,1,0,0,0,0,0,0,0,0,0,0,0,6,0,16
屏東縣,三地門鄉,0,0,0,0,0,3,0,0,0,0,0,0,0,0,0,0,0,0,0,0,0,0,0,0,0,0,0,0,0,0,0,0,0,0,0,0,0,0,0,0,0,0,0,0,0,0,0,0,0,0,0,0,0,5,0,8
屏東縣,內埔鄉,0,0,1,1,0,10,0,0,6,0,0,0,3,0,0,0,0,0,0,0,1,1,3,0,0,0,2,0,1,4,1,2,3,0,0,0,0,1,0,0,0,4,3,0,1,1,0,0,0,2,0,1,1,17,0,70
屏東縣,竹田鄉,0,0,0,0,0,2,0,0,1,0,0,0,1,0,0,0,0,0,0,0,0,0,0,0,0,0,0,0,0,0,1,0,0,0,0,0,0,0,0,1,0,1,0,0,0,0,0,0,0,0,0,0,0,4,0,11
屏東縣,牡丹鄉,0,0,0,0,0,2,0,0,0,0,0,0,1,0,0,0,0,0,0,0,0,0,0,0,0,0,0,0,0,1,0,1,0,0,0,0,1,0,0,0,0,0,0,0,0,0,0,0,0,0,0,0,0,0,1,7
屏東縣,車城鄉,0,0,0,1,0,2,0,0,0,0,0,0,0,0,0,0,0,0,0,0,0,0,0,0,0,0,0,0,0,0,0,0,0,0,0,0,0,0,0,0,0,0,0,0,0,0,0,0,0,0,0,1,0,1,0,5
屏東縣,里港鄉,0,0,0,0,0,6,0,0,1,0,0,0,0,0,0,0,0,0,0,0,0,0,0,0,0,0,0,0,0,2,0,0,1,0,0,0,0,0,0,0,0,0,0,0,1,0,0,0,0,0,0,1,0,7,0,19
屏東縣,佳冬鄉,0,0,2,0,0,0,0,0,1,0,0,0,3,0,0,0,0,0,0,0,0,0,1,0,0,0,0,0,0,2,0,1,1,0,0,0,0,0,0,0,0,1,0,0,0,0,0,0,0,1,0,0,0,9,0,22
屏東縣,來義鄉,0,0,0,0,0,6,0,0,2,0,0,0,0,0,0,0,0,0,0,0,0,0,0,0,0,0,0,0,0,0,1,0,1,0,0,0,0,1,0,0,0,0,0,0,0,0,0,0,0,0,0,0,0,3,0,14
屏東縣,東港鎮,0,0,0,0,0,7,0,0,1,0,0,0,3,0,0,0,0,0,0,0,0,0,0,0,0,0,0,0,0,4,0,0,3,0,0,0,0,2,0,0,0,0,0,0,0,0,0,0,0,0,0,0,0,7,0,27
屏東縣,枋山鄉,0,0,0,0,0,0,0,0,0,0,0,0,2,0,1,1,0,0,0,0,0,0,0,1,0,0,0,0,0,0,0,0,0,0,0,0,0,0,0,0,0,0,0,0,0,0,0,0,0,1,0,0,0,2,0,8
屏東縣,枋寮鄉,0,0,0,0,0,4,0,0,1,0,0,0,0,0,0,0,0,0,0,0,0,0,0,0,0,0,0,0,0,2,0,0,1,0,0,0,0,0,0,0,0,1,0,0,0,0,0,0,0,0,0,0,0,5,0,14
屏東縣,林邊鄉,0,0,0,0,0,6,0,0,0,0,0,0,2,0,0,0,0,0,0,0,0,0,0,0,0,0,0,0,0,2,0,0,1,0,0,0,0,0,0,0,0,1,0,0,0,0,0,0,0,0,0,0,0,1,0,13
屏東縣,長治鄉,0,0,0,0,0,1,0,0,2,0,0,0,0,0,0,0,0,0,0,0,0,0,0,0,0,0,0,0,0,0,0,0,0,0,0,0,0,0,0,0,0,1,0,0,0,0,0,0,0,1,0,0,0,2,0,7
屏東縣,南州鄉,0,0,0,0,0,2,0,0,0,0,0,0,0,0,0,0,0,0,0,0,0,0,0,0,0,0,0,0,0,1,0,0,0,0,0,0,0,0,0,0,1,2,0,0,0,0,0,0,0,1,0,0,0,4,0,11
屏東縣,屏東市,0,0,0,4,0,20,0,0,13,0,0,0,6,0,7,0,0,0,0,0,0,0,9,0,0,0,0,0,5,12,0,1,11,0,1,0,1,2,0,3,1,11,4,0,2,0,0,0,0,2,1,0,0,33,2,151
屏東縣,恆春鎮,0,0,0,0,0,5,0,0,4,0,0,0,0,0,0,0,0,0,0,0,0,0,2,0,0,0,0,0,0,1,0,1,2,0,0,0,0,1,0,0,0,1,0,0,0,0,0,0,0,2,0,0,0,5,0,24
屏東縣,春日鄉,0,0,0,1,0,1,0,0,0,0,0,0,0,0,0,0,0,0,0,0,0,0,0,0,0,0,0,0,0,2,0,0,0,0,0,0,0,0,0,0,0,0,0,0,0,0,0,0,0,0,0,1,0,1,0,6
屏東縣,崁頂鄉,0,0,0,0,0,3,0,0,1,0,0,0,0,0,0,0,0,0,0,0,0,0,0,0,0,0,0,0,0,0,0,0,1,0,0,0,0,1,0,0,0,0,0,0,0,0,0,0,0,0,0,0,0,3,0,9
屏東縣,泰武鄉,0,0,0,0,0,5,0,0,0,0,0,0,0,0,0,0,0,0,0,1,0,0,0,0,0,0,0,0,0,1,0,0,0,0,0,0,0,0,0,0,0,0,0,0,0,0,0,0,0,0,1,0,0,3,0,11
屏東縣,琉球鄉,0,0,0,0,0,2,0,0,2,0,0,0,0,0,0,0,0,0,0,0,0,0,1,0,0,0,0,0,0,0,0,0,0,0,0,0,0,0,0,0,0,1,0,0,0,0,0,0,0,1,0,0,0,2,0,9
屏東縣,高樹鄉,0,0,0,0,0,7,0,1,1,0,0,0,0,0,0,0,0,0,0,0,0,0,0,0,0,1,0,0,0,0,0,2,0,0,0,0,0,2,0,1,0,0,0,0,0,0,0,0,0,0,0,0,0,8,0,23
屏東縣,新埤鄉,0,0,0,0,0,1,0,0,0,0,0,0,1,0,0,0,0,0,0,0,0,0,0,0,0,0,0,0,0,1,0,0,0,0,0,0,0,0,0,0,0,1,0,0,0,0,0,0,0,1,0,0,0,5,0,10
屏東縣,新園鄉,0,0,0,0,0,6,0,0,1,0,0,0,0,0,0,0,0,0,0,0,0,0,0,0,0,0,0,0,0,2,0,0,0,0,0,0,0,0,0,0,0,0,0,0,0,0,0,0,0,0,0,0,0,4,0,13
屏東縣,獅子鄉,0,1,0,0,0,0,0,0,1,0,0,0,1,0,0,0,0,0,0,0,0,0,0,0,0,0,0,0,2,0,0,0,0,0,0,0,0,1,0,0,0,0,0,0,0,0,0,0,0,0,0,0,0,2,0,8
屏東縣,萬丹鄉,0,0,0,0,0,7,0,0,0,0,0,0,0,0,2,0,0,0,0,0,0,0,0,0,0,0,0,0,0,1,0,0,2,0,0,0,0,0,0,1,1,1,0,0,0,0,0,0,0,0,0,1,0,6,0,22
屏東縣,萬巒鄉,0,0,0,0,0,3,0,0,2,0,0,0,0,0,1,0,0,0,0,0,0,0,0,0,0,0,0,0,0,1,0,0,1,0,0,0,0,0,0,0,1,0,0,0,0,0,0,0,0,0,0,0,0,5,0,14
屏東縣,滿州鄉,0,0,0,0,0,3,0,0,1,0,0,0,0,0,0,0,0,0,0,0,0,0,0,0,0,0,0,0,0,0,0,0,0,0,0,0,0,2,0,0,1,0,0,0,0,0,0,0,0,1,0,0,0,4,0,12
屏東縣,瑪家鄉,0,0,0,0,0,2,0,0,0,0,0,0,0,0,0,0,0,0,0,0,0,0,0,0,0,0,0,0,0,0,0,0,0,0,0,0,0,0,0,0,0,0,0,0,0,0,0,0,0,0,0,0,0,10,0,12
屏東縣,潮州鎮,0,0,0,0,0,11,0,0,1,0,0,0,0,0,1,0,0,0,0,0,0,0,1,0,0,0,0,0,1,3,0,0,2,0,0,0,0,3,0,0,0,2,0,0,1,0,0,0,0,1,0,0,0,7,0,34
屏東縣,霧臺鄉,0,0,0,0,0,1,0,0,0,0,0,0,0,0,0,0,0,0,0,0,0,0,0,0,0,0,0,0,0,0,0,0,0,0,0,0,0,0,0,0,0,0,0,0,0,0,0,0,0,0,0,0,0,1,0,2
屏東縣,麟洛鄉,0,0,0,0,0,0,0,0,0,0,0,0,0,0,1,0,0,0,0,0,0,0,0,0,0,0,0,0,0,0,0,0,0,0,0,0,0,0,0,0,0,3,0,0,0,0,0,0,0,0,0,0,0,3,0,7
屏東縣,鹽埔鄉,0,0,0,0,0,4,0,0,2,0,0,0,1,0,0,0,0,0,0,0,0,0,0,0,0,0,0,0,1,1,1,0,0,0,0,0,0,1,0,0,0,0,0,0,0,0,0,0,0,0,0,0,0,6,0,17
苗栗縣,三義鄉,0,0,0,1,0,2,0,0,1,0,0,0,0,0,1,0,0,0,0,0,0,0,0,0,0,0,0,0,0,0,0,0,1,0,0,0,0,0,0,1,0,0,0,0,0,0,0,0,0,0,0,0,0,5,0,12
苗栗縣,三灣鄉,0,0,0,0,0,2,0,0,1,0,0,0,0,0,0,0,0,0,0,0,0,0,0,0,0,0,0,0,0,0,0,0,0,0,0,0,0,1,0,1,0,1,0,0,0,0,0,0,0,0,0,0,0,4,0,10
苗栗縣,大湖鄉,0,0,0,1,0,5,0,0,0,0,0,0,0,0,1,0,0,0,0,0,0,0,0,0,0,0,0,0,0,1,0,0,1,0,0,0,0,1,0,0,0,0,0,0,0,0,0,0,0,1,0,0,0,5,0,16
苗栗縣,公館鄉,0,0,0,1,0,2,0,0,0,0,0,0,0,0,0,0,0,0,0,0,0,0,1,0,0,0,0,0,0,0,1,1,1,0,0,0,0,2,0,0,0,0,0,0,0,0,0,0,0,2,0,0,0,8,0,19
苗栗縣,竹南鎮,0,1,0,0,0,9,0,0,5,0,0,0,0,0,0,0,0,0,0,0,0,0,1,0,0,0,0,0,0,2,1,1,1,0,0,0,2,0,0,1,0,2,1,0,0,0,0,0,0,1,0,0,0,11,0,39
苗栗縣,西湖鄉,0,0,0,0,0,4,0,0,0,0,0,0,0,0,0,0,0,0,0,0,0,0,1,0,0,0,0,0,0,0,0,0,0,0,0,0,0,0,0,0,0,0,0,0,0,0,0,0,0,0,0,0,0,5,0,10
苗栗縣,卓蘭鎮,0,0,0,0,0,4,0,0,3,0,0,0,0,0,0,0,0,0,0,0,0,0,0,0,0,0,0,0,0,2,0,0,1,0,0,0,0,1,0,1,0,1,0,0,0,0,0,0,0,0,0,0,0,5,0,18
苗栗縣,南庄鄉,0,0,0,1,0,2,0,0,0,0,0,0,0,0,0,0,0,0,0,0,0,0,0,0,0,0,0,0,0,0,0,0,0,0,0,0,0,1,0,0,0,0,0,0,0,0,0,0,0,0,0,0,0,4,0,8
苗栗縣,後龍鎮,0,0,0,0,0,8,0,0,3,0,0,0,1,0,1,0,0,0,0,0,0,0,2,0,0,0,0,0,1,0,1,0,1,0,0,0,0,0,0,0,0,0,0,0,0,0,0,0,0,2,0,0,0,4,0,24
苗栗縣,苑裡鎮,0,0,0,1,0,8,0,0,3,0,0,0,1,0,0,0,0,0,0,1,0,0,2,0,0,0,0,0,0,4,0,0,1,0,0,0,0,3,0,0,0,2,1,0,0,0,0,0,0,0,0,0,0,17,1,45
苗栗縣,苗栗市,0,0,1,1,0,10,0,0,4,0,0,0,0,0,2,0,0,0,0,0,0,0,2,0,0,0,0,0,1,4,0,1,4,0,0,0,0,0,0,0,0,2,1,0,1,0,0,0,0,0,0,2,0,21,0,57
苗栗縣,泰安鄉,0,0,0,0,0,3,0,0,1,0,0,0,1,0,0,0,0,0,0,0,0,0,0,0,0,0,0,0,0,0,1,0,0,0,0,0,0,0,0,0,0,0,0,0,0,0,0,0,0,0,0,0,0,3,0,9
苗栗縣,通霄鎮,0,0,0,1,0,9,0,0,2,0,0,0,0,0,0,0,0,0,0,0,0,0,1,0,0,0,0,0,0,0,1,0,1,0,1,0,1,3,0,1,0,2,0,0,0,0,0,0,0,1,0,0,0,16,0,40
苗栗縣,造橋鄉,0,0,0,0,0,4,0,0,0,0,0,0,0,0,0,0,0,0,0,0,0,0,2,0,0,0,0,0,0,0,0,0,0,0,0,0,0,2,0,0,0,0,0,0,0,0,0,0,0,2,0,0,0,6,0,16
苗栗縣,獅潭鄉,0,0,0,0,0,1,0,0,0,0,0,0,0,0,0,0,0,0,0,0,0,0,0,0,0,0,0,0,0,0,0,0,1,0,0,0,0,0,0,0,0,0,0,0,0,0,0,0,0,2,0,0,0,2,0,6
苗栗縣,銅鑼鄉,0,0,0,0,0,5,0,0,2,0,0,0,0,0,0,0,0,0,0,0,0,0,0,0,0,0,0,0,0,0,1,0,0,0,0,0,0,0,0,0,0,0,0,0,0,0,0,0,0,0,0,0,0,5,0,13
苗栗縣,頭份市,0,0,0,3,0,14,0,0,6,0,0,1,2,0,0,0,0,0,0,0,0,0,3,0,0,0,0,0,1,4,1,0,1,0,0,0,0,3,0,1,1,6,0,0,0,0,0,0,0,0,0,0,0,18,0,65
苗栗縣,頭屋鄉,0,0,0,0,0,0,0,0,0,0,0,0,0,0,0,0,0,0,0,0,0,0,0,0,0,0,0,0,0,0,0,0,0,0,0,0,0,0,0,0,0,0,0,0,0,0,0,0,0,0,0,0,0,3,0,3
桃園市,八德區,0,1,0,1,0,10,0,0,7,0,0,0,0,0,0,0,0,0,0,0,0,0,3,0,0,0,0,0,0,5,0,0,2,0,0,0,0,5,0,0,0,3,0,0,0,0,0,0,0,0,0,0,0,14,0,51
桃園市,大園區,0,0,0,0,0,7,0,0,1,0,0,0,0,0,2,0,0,0,0,0,0,0,1,0,0,0,0,0,0,1,0,0,0,0,0,0,0,6,0,0,0,0,1,0,0,0,0,0,0,1,0,0,0,14,0,34
桃園市,大溪區,0,0,0,2,0,12,0,0,6,0,0,0,1,0,1,0,0,0,0,0,0,0,3,0,0,0,0,0,1,3,0,1,0,0,0,0,0,4,0,0,0,2,1,0,0,0,0,0,0,1,0,1,0,11,0,50
桃園市,中壢區,0,0,0,3,0,26,0,1,24,0,0,0,2,0,1,0,0,0,0,1,0,0,9,0,0,0,0,0,6,12,1,4,9,2,0,0,3,8,1,2,0,8,5,0,0,1,0,0,0,3,0,0,1,54,0,187
桃園市,平鎮區,0,0,0,0,0,9,0,0,8,0,0,0,0,0,2,0,0,0,0,0,1,0,1,0,0,0,0,0,0,2,0,1,4,0,1,0,2,5,0,4,0,0,0,0,0,0,0,0,0,2,0,0,1,21,1,65
桃園市,桃園區,0,0,0,3,0,21,0,0,15,0,0,0,1,1,5,0,0,0,0,0,0,0,4,0,0,0,0,0,3,10,0,0,7,1,0,0,0,6,0,0,0,1,0,0,1,0,0,0,0,2,0,0,0,39,1,121
桃園市,復興區,0,0,0,0,0,1,0,0,1,0,0,0,0,0,0,0,0,0,0,0,0,0,0,0,0,0,0,0,0,0,0,0,0,0,0,0,0,1,0,0,0,0,0,0,0,0,0,0,0,3,0,0,0,8,0,14
桃園市,新屋區,0,0,0,0,0,7,0,0,6,0,0,0,0,0,1,0,0,0,0,0,0,0,0,0,0,0,0,0,0,2,0,1,1,0,0,0,0,4,0,0,0,1,0,0,0,0,0,0,0,2,0,0,0,9,0,34
桃園市,楊梅區,0,0,0,1,0,11,0,0,13,0,0,0,2,0,0,0,0,0,0,0,0,0,2,0,0,1,0,0,0,3,0,1,2,0,0,0,0,5,0,1,0,2,0,0,0,0,0,0,0,2,0,1,0,16,0,63
桃園市,龍潭區,0,0,0,0,0,10,0,0,4,0,0,0,1,0,1,0,0,0,0,0,0,0,1,0,0,1,0,0,2,1,0,0,0,0,0,0,1,3,0,0,0,1,2,0,1,0,0,0,0,1,0,0,0,10,2,42
桃園市,龜山區,0,1,0,0,0,21,1,0,11,0,0,0,3,1,1,0,1,0,0,1,1,0,5,0,0,0,1,0,3,7,0,3,1,2,0,0,1,3,0,0,0,4,2,0,1,0,0,0,0,2,0,0,0,33,2,112
桃園市,蘆竹區,0,1,0,2,0,9,0,0,7,0,0,0,0,0,3,0,0,0,0,0,0,0,0,0,0,2,0,0,0,1,1,0,2,0,0,0,0,5,0,0,0,1,0,0,0,0,0,0,0,1,0,0,0,16,0,51
桃園市,觀音區,0,0,0,0,0,11,0,0,5,0,0,0,2,0,2,0,0,0,0,0,0,0,0,0,0,0,0,0,0,0,0,0,1,0,0,0,0,2,0,0,0,0,0,0,0,0,0,0,0,0,0,0,0,5,0,28
高雄市,三民區,0,0,1,0,0,19,0,0,10,0,0,0,4,0,1,0,0,0,0,0,0,0,3,0,0,0,0,0,3,6,0,1,9,1,0,0,0,1,0,1,0,10,1,0,0,0,0,0,0,3,0,0,0,22,1,97
高雄市,大社區,0,0,0,0,0,0,0,0,0,0,0,0,0,0,1,0,0,0,0,0,0,0,1,0,0,0,0,0,0,0,0,0,1,0,0,0,0,1,0,0,0,1,0,0,0,0,0,0,0,1,0,1,0,4,0,11
高雄市,大寮區,0,1,0,1,0,11,0,0,1,0,0,0,2,0,2,0,0,0,0,1,0,0,7,1,0,0,1,0,3,8,0,0,2,0,0,0,0,2,0,0,0,3,2,0,2,0,0,0,0,1,0,0,0,14,0,65
高雄市,大樹區,0,0,0,1,0,9,0,0,2,0,0,0,1,0,0,0,0,0,0,0,0,0,2,0,0,2,0,0,1,2,1,0,2,0,0,0,0,0,0,0,0,1,0,0,0,0,0,0,0,2,0,0,0,10,1,37
高雄市,小港區,0,2,0,0,0,10,1,1,8,0,0,0,4,0,0,0,0,0,0,0,0,0,3,0,0,0,0,2,1,5,1,0,2,0,0,0,1,4,1,0,0,4,1,0,3,0,0,0,0,2,0,1,0,26,0,83
高雄市,仁武區,0,0,0,0,0,5,0,0,5,0,0,0,1,0,0,0,0,0,0,0,0,0,0,0,0,0,0,0,0,1,0,0,1,0,1,0,0,0,0,0,0,0,1,0,0,0,0,0,0,0,0,1,0,10,0,26
高雄市,內門區,0,0,0,0,0,5,0,0,1,0,0,0,1,0,0,0,0,0,0,0,0,0,1,0,0,0,0,0,1,2,0,0,1,1,0,0,0,1,0,0,0,1,1,0,1,0,0,0,0,0,0,0,0,8,0,25
高雄市,六龜區,0,0,0,1,0,4,0,0,2,0,0,0,0,0,1,0,0,0,0,0,0,0,0,0,0,0,0,0,0,4,0,0,0,0,0,0,0,2,0,0,0,0,0,0,0,0,0,0,0,0,0,1,1,8,0,24
高雄市,左營區,0,2,0,0,0,14,0,1,17,0,0,0,6,0,0,0,0,0,0,1,0,0,6,0,0,1,0,0,2,5,2,0,4,1,0,0,0,2,0,0,1,4,3,0,2,0,0,0,0,2,0,0,1,21,0,98
高雄市,永安區,0,0,0,0,0,1,0,0,1,0,0,0,0,0,0,0,0,0,0,0,0,0,0,0,0,0,0,0,0,1,0,0,0,0,0,0,0,1,0,0,0,0,0,0,0,0,0,0,0,0,0,0,0,2,0,6
高雄市,田寮區,0,0,0,0,0,1,0,0,0,0,0,0,1,0,0,0,0,0,0,0,0,0,0,0,0,1,0,0,0,0,0,0,0,0,0,0,0,0,0,0,0,0,0,0,0,0,0,0,0,0,0,0,0,2,0,5
高雄市,甲仙區,0,0,0,0,0,1,0,0,0,0,0,0,0,0,0,0,0,0,0,0,0,0,0,0,0,0,0,0,0,0,0,0,1,0,0,0,0,0,0,0,1,2,0,0,0,0,0,0,0,0,0,0,0,2,0,7
高雄市,杉林區,0,0,0,0,0,4,0,0,2,0,0,0,1,0,0,0,0,0,0,0,0,0,1,0,0,0,0,0,0,0,0,0,0,0,0,0,0,0,0,0,0,1,0,0,0,0,0,0,0,1,0,0,0,9,0,19
高雄市,那瑪夏區,0,0,0,0,0,1,0,0,0,0,0,0,0,0,1,0,0,0,0,0,0,0,0,0,0,0,0,0,0,0,0,0,0,0,0,0,0,0,0,0,0,0,0,0,0,0,0,0,0,2,0,0,0,1,0,5
高雄市,岡山區,0,0,0,2,0,11,0,0,9,0,0,0,2,0,1,0,0,0,0,0,0,0,2,0,0,0,0,0,1,2,0,2,5,0,0,0,0,3,0,1,0,2,0,0,0,1,0,0,0,1,1,0,0,17,1,64
高雄市,林園區,0,1,0,0,0,1,0,0,4,0,0,0,0,0,0,0,0,0,0,0,0,0,1,0,0,0,0,0,0,1,0,1,2,0,0,0,0,0,0,0,0,0,0,0,0,0,0,0,0,1,0,0,0,6,0,18
高雄市,阿蓮區,0,0,0,0,0,4,0,0,1,0,0,0,3,0,0,0,0,0,0,0,0,0,0,0,0,0,0,0,0,0,0,0,0,0,0,0,0,1,0,0,0,0,0,0,0,0,0,0,0,0,0,1,0,6,0,16
高雄市,前金區,0,0,0,0,0,2,0,0,2,0,0,0,0,0,2,0,0,0,0,0,0,0,1,0,0,0,0,0,0,1,0,1,3,0,0,0,0,0,0,0,0,2,1,0,0,0,0,0,0,0,0,0,0,5,0,20
高雄市,前鎮區,0,0,0,0,0,9,0,0,7,0,0,1,3,0,2,0,0,0,0,0,0,0,2,0,0,0,0,0,0,4,1,0,4,0,0,0,0,1,0,0,0,3,1,0,1,0,0,0,0,3,0,2,0,16,0,60
高雄市,美濃區,0,0,0,0,0,4,0,0,3,0,0,0,0,0,0,0,0,0,0,0,0,0,0,0,0,0,0,1,1,3,0,0,1,0,0,0,0,2,0,0,0,0,0,0,0,0,0,0,0,1,0,0,0,12,0,28
高雄市,苓雅區,0,1,0,1,0,13,0,1,11,0,0,0,2,0,4,0,0,0,0,0,0,0,2,0,0,0,0,0,2,7,0,2,7,0,1,0,0,0,0,0,0,3,2,0,0,0,1,0,0,1,0,1,0,11,0,73
高雄市,茂林區,0,0,0,0,0,4,0,0,0,0,0,0,0,0,0,0,0,0,0,0,0,0,0,0,0,0,0,0,0,0,0,0,0,0,0,0,0,0,0,0,0,0,0,0,0,0,0,0,0,0,0,0,0,4,0,8
高雄市,茄萣區,0,0,0,0,0,3,0,0,4,0,0,0,1,0,0,0,0,0,0,0,0,0,0,0,0,0,0,0,0,1,2,0,0,1,0,0,0,0,0,0,0,1,0,0,0,0,0,0,0,0,0,0,0,5,0,18
高雄市,桃源區,0,0,0,0,0,2,0,0,0,0,0,0,0,0,0,0,0,0,0,0,0,0,0,0,0,0,0,0,0,0,0,0,0,0,0,0,0,0,0,0,0,0,0,0,0,0,0,0,0,1,0,0,0,4,0,7
高雄市,梓官區,0,0,0,0,0,3,0,0,1,0,0,0,0,0,0,0,0,0,0,0,0,0,0,0,0,0,0,0,0,1,0,0,1,0,0,0,0,0,0,0,0,0,0,0,0,0,0,0,0,0,0,0,0,4,0,10
高雄市,鳥松區,0,0,0,0,0,2,0,0,3,0,0,0,0,0,1,0,0,0,0,1,0,0,2,0,0,1,0,0,0,2,0,1,0,0,0,0,0,0,0,0,0,2,4,0,1,0,0,0,0,0,1,0,1,7,0,29
高雄市,湖內區,0,0,0,0,0,6,0,0,3,0,0,0,1,0,0,0,0,0,0,0,0,0,1,0,0,0,1,0,0,1,0,0,0,0,0,0,0,2,0,0,0,1,0,0,0,0,0,0,0,1,0,1,0,9,0,27
高雄市,新興區,0,0,0,1,0,5,0,0,2,0,0,0,1,0,0,0,0,0,0,0,0,0,0,0,0,0,0,0,0,2,0,0,1,0,0,0,0,1,0,0,1,2,0,0,0,0,0,0,0,0,0,0,0,3,0,19
高雄市,楠梓區,0,2,1,1,0,11,0,0,8,1,0,0,5,0,2,0,0,0,0,0,0,0,4,0,0,0,0,0,3,5,0,2,6,0,0,0,0,3,1,0,0,5,3,0,1,0,1,0,0,0,0,2,0,25,0,92
高雄市,路竹區,0,0,0,0,0,7,0,1,6,0,0,0,2,0,2,0,0,0,0,0,0,1,1,0,0,0,0,0,1,2,0,0,1,0,0,0,1,3,0,1,0,1,0,0,0,0,0,0,0,1,0,0,0,10,0,41
高雄市,鼓山區,0,0,0,0,0,7,0,0,9,0,0,0,4,0,1,1,0,0,0,0,1,0,3,0,0,0,0,0,2,4,0,2,2,0,0,0,0,1,0,0,1,1,1,0,1,0,0,0,0,0,1,1,3,16,0,62
高雄市,旗山區,0,0,0,0,0,8,0,0,5,0,0,0,0,0,0,0,0,0,0,0,0,0,0,0,0,0,0,0,1,2,0,0,2,0,0,0,0,0,0,1,0,2,0,0,0,0,0,0,0,0,0,0,0,11,0,32
高雄市,旗津區,0,0,0,0,0,2,0,0,2,0,0,0,0,0,0,0,0,0,0,0,0,0,0,0,0,0,0,0,0,0,0,0,1,0,0,0,0,0,0,0,0,0,0,0,0,0,0,0,0,0,0,1,0,4,0,10
高雄市,鳳山區,0,0,0,0,0,20,0,0,10,1,1,0,3,0,1,0,0,0,0,0,0,0,2,0,0,0,0,0,0,5,1,1,8,0,0,0,1,4,0,0,0,4,0,0,0,0,0,0,0,2,0,1,0,31,0,96
高雄市,橋頭區,0,0,0,0,0,2,0,0,4,0,0,0,0,0,1,0,0,0,0,0,0,0,1,0,0,0,0,0,0,1,0,1,1,0,0,0,0,1,0,0,0,0,0,0,0,0,0,0,0,0,0,0,0,6,0,18
高雄市,燕巢區,0,0,0,0,0,5,0,0,3,0,1,0,2,0,2,0,0,0,0,0,0,0,0,0,0,0,0,0,1,4,1,0,2,0,0,0,0,1,0,0,0,1,0,0,0,0,0,0,0,1,0,3,0,10,0,37
高雄市,彌陀區,0,0,0,0,0,1,0,0,1,0,0,0,1,0,0,0,0,0,0,0,0,0,0,0,0,0,0,0,0,0,0,0,0,0,0,0,0,1,0,0,0,0,0,0,0,0,0,0,0,0,0,0,0,4,0,8
高雄市,鹽埕區,0,0,0,1,0,2,0,0,3,0,0,0,0,0,0,0,1,0,0,1,0,0,1,0,0,0,0,0,1,0,0,0,2,0,0,0,0,1,0,0,0,0,0,1,0,0,0,0,0,0,0,0,0,3,0,17
基隆市,七堵區,0,0,0,0,0,4,0,0,6,0,0,0,0,0,0,0,0,0,0,0,0,0,0,0,0,0,0,0,0,3,0,0,2,0,0,0,0,0,0,0,0,0,0,0,0,0,0,0,0,0,0,0,0,9,0,24
基隆市,中山區,0,0,0,0,0,1,0,0,1,0,0,0,0,0,2,0,0,0,0,0,0,0,0,0,0,0,0,0,0,1,0,0,0,0,0,0,0,0,1,0,0,0,0,0,0,0,0,0,0,2,0,0,0,7,0,15
基隆市,中正區,0,0,0,1,0,3,0,0,6,0,0,0,1,0,1,0,0,0,0,0,0,0,2,0,0,0,0,0,1,2,0,0,4,0,0,0,0,1,0,0,0,2,0,0,0,0,0,0,0,0,0,0,0,8,0,32
基隆市,仁愛區,0,0,0,0,0,1,0,0,3,0,0,0,0,0,0,0,0,0,0,0,0,0,0,0,0,0,0,0,0,2,0,0,0,0,0,0,0,0,0,0,0,0,0,0,0,0,0,0,0,0,0,0,0,6,0,12
基隆市,安樂區,0,0,0,0,0,4,0,0,4,0,0,1,0,0,0,0,0,0,0,1,0,0,1,0,0,0,0,0,0,2,0,1,2,0,0,0,0,0,0,0,0,1,0,0,0,0,0,0,0,1,0,0,0,11,0,29
基隆市,信義區,0,0,0,9,0,2,0,0,3,0,0,0,0,0,0,0,0,0,0,0,0,0,2,0,0,0,1,0,0,4,0,0,2,0,0,0,0,1,0,0,0,0,0,0,0,1,0,0,0,1,0,0,0,10,0,36
基隆市,暖暖區,0,0,0,1,0,1,0,0,4,0,0,0,0,0,0,0,0,0,0,0,0,0,2,0,0,0,0,0,0,0,0,0,1,0,0,0,0,0,0,0,0,1,0,0,0,0,0,0,0,0,0,0,0,7,0,17
連江縣(馬祖),北竿鄉,0,0,0,0,0,0,0,0,2,0,0,0,0,0,0,0,0,0,0,0,0,0,0,0,0,0,0,0,0,0,0,0,0,0,0,0,0,0,0,0,0,1,0,0,0,0,0,0,0,1,0,0,0,4,0,8
連江縣(馬祖),東引鄉,0,0,0,0,0,1,0,0,1,0,0,0,0,0,0,0,0,0,0,0,0,0,0,0,0,0,0,0,0,0,0,0,1,0,0,0,0,0,0,0,0,0,0,0,0,0,0,0,0,0,0,0,0,2,0,5
連江縣(馬祖),南竿鄉,0,0,0,0,0,1,0,0,1,0,0,0,0,0,0,0,0,0,0,0,0,0,1,0,0,0,0,0,1,0,0,0,1,0,0,0,0,1,0,0,0,0,0,0,0,0,0,0,0,2,0,1,0,5,0,14
連江縣(馬祖),莒光鄉,0,0,0,0,0,0,0,0,0,0,0,0,0,0,0,0,0,0,0,0,0,0,0,0,0,0,0,0,0,0,0,0,0,0,0,0,0,0,0,0,0,0,0,0,0,0,0,0,0,0,0,0,0,3,0,3
雲林縣,二崙鄉,0,1,1,0,0,7,0,0,2,0,0,0,2,0,0,0,0,0,0,0,0,0,0,0,0,0,0,0,0,3,0,0,0,0,0,0,0,2,0,0,0,1,0,0,0,0,0,0,0,0,0,1,0,10,0,30
雲林縣,口湖鄉,0,0,0,0,0,8,0,0,3,0,0,0,1,0,0,0,0,0,0,0,0,0,0,0,0,0,0,0,0,2,0,1,0,0,0,0,0,0,0,1,0,1,0,0,0,0,0,0,0,1,0,0,0,13,0,31
雲林縣,土庫鎮,0,0,0,1,0,9,0,0,2,0,0,0,0,0,0,0,0,0,0,0,0,0,0,0,0,0,0,0,0,2,1,0,0,1,0,0,0,1,0,0,0,0,0,0,0,0,0,0,0,1,0,0,0,13,1,32
雲林縣,大埤鄉,0,0,0,0,0,6,0,0,2,0,0,0,1,0,0,0,0,0,0,0,0,0,0,0,0,0,0,0,0,2,0,0,0,0,0,0,0,2,0,0,0,0,0,0,0,0,0,0,0,0,0,0,0,5,0,18
雲林縣,元長鄉,0,0,0,0,0,10,0,0,0,0,0,0,0,0,0,0,0,0,0,0,0,0,0,0,0,0,0,0,0,2,0,1,0,0,0,0,0,0,0,0,0,0,0,0,0,0,1,0,0,0,0,0,0,9,0,23
雲林縣,斗六市,0,1,1,0,0,21,0,0,6,0,0,0,1,0,1,0,0,0,0,1,0,0,2,0,0,0,0,1,1,8,2,2,6,1,0,0,3,3,0,0,0,11,3,0,0,0,0,0,0,2,0,0,0,29,0,106
雲林縣,斗南鎮,0,0,0,1,0,9,0,0,6,0,0,0,0,0,1,0,0,0,0,0,0,0,0,0,0,0,0,0,0,2,1,0,1,0,0,0,0,1,0,0,0,1,0,0,0,0,0,0,0,1,0,0,0,10,0,34
雲林縣,水林鄉,0,0,0,0,0,8,0,0,1,0,0,0,0,0,1,0,0,0,0,0,0,0,1,0,0,0,0,0,0,1,0,0,0,0,0,0,0,2,0,0,0,0,1,0,0,0,0,0,0,0,0,0,0,10,0,25
雲林縣,北港鎮,0,0,0,0,0,12,0,0,4,0,0,0,0,0,0,0,0,0,0,0,0,0,2,0,0,0,0,0,0,9,0,0,1,0,0,0,1,1,0,1,0,3,1,0,0,0,0,0,0,2,0,0,0,16,0,53
雲林縣,古坑鄉,0,0,1,1,0,12,0,0,6,0,0,0,0,0,1,1,0,0,0,0,0,0,3,0,0,0,0,0,0,2,2,0,1,0,0,0,0,0,0,2,0,0,0,0,0,0,0,0,0,1,0,0,0,16,0,49
雲林縣,四湖鄉,0,0,0,1,0,11,0,0,2,0,0,0,1,1,2,1,0,0,0,0,0,0,0,0,0,0,0,0,0,2,1,2,0,0,0,0,0,0,0,0,0,0,0,0,0,0,0,0,0,0,0,0,0,15,0,39
雲林縣,西螺鎮,0,0,0,0,0,10,0,0,8,0,0,0,1,0,1,0,0,0,0,0,0,0,3,1,0,0,0,0,0,3,0,2,1,0,0,0,0,1,0,0,0,3,1,0,0,0,0,0,0,0,0,1,0,9,0,45
雲林縣,東勢鄉,0,0,0,0,0,5,0,0,1,0,0,0,0,0,0,0,0,0,0,0,0,0,1,0,0,0,0,0,0,3,0,1,0,0,0,0,0,1,0,0,0,0,0,0,0,0,0,0,0,1,0,0,0,6,1,20
雲林縣,林內鄉,0,0,1,0,0,7,0,0,3,0,0,0,0,0,1,0,0,0,0,0,0,0,0,0,0,0,0,0,0,2,0,0,0,0,0,0,0,0,0,0,0,0,0,0,0,0,0,0,0,0,0,1,0,9,0,24
雲林縣,虎尾鎮,0,0,0,1,0,13,0,0,6,0,0,0,2,0,2,0,0,0,0,0,0,0,2,0,0,0,0,0,2,2,0,0,0,0,0,0,0,1,0,0,0,4,1,0,0,0,0,0,0,1,0,1,0,19,0,57
雲林縣,崙背鄉,0,0,0,0,0,7,0,0,2,0,0,0,1,0,0,0,0,0,0,0,0,0,0,0,0,0,0,0,0,2,0,0,1,0,0,0,0,2,0,0,0,1,0,0,0,0,0,0,0,0,0,0,0,11,0,27
雲林縣,麥寮鄉,0,0,0,1,0,5,0,0,2,0,0,0,0,0,1,0,0,0,0,0,0,0,1,0,0,0,0,0,0,2,0,1,0,0,0,0,0,0,0,0,0,1,0,0,0,0,0,0,0,1,0,0,0,6,0,21
雲林縣,莿桐鄉,0,0,0,1,0,6,0,0,3,0,0,0,0,0,1,0,0,0,0,0,0,0,0,0,0,0,0,0,0,6,1,0,1,0,0,0,0,0,0,0,0,2,0,0,0,0,0,0,0,0,0,0,0,8,1,30
雲林縣,臺西鄉,0,0,0,0,0,6,0,0,3,0,0,0,0,0,0,0,0,0,0,0,0,0,0,0,0,0,0,0,0,1,0,0,1,0,0,0,0,1,0,0,0,0,0,0,0,0,0,0,0,0,0,0,0,8,0,20
雲林縣,褒忠鄉,0,0,0,0,0,4,0,0,0,0,0,0,0,0,0,0,0,0,0,0,0,0,0,0,0,0,0,0,0,2,0,1,0,0,0,0,0,0,0,0,0,0,0,0,0,0,0,0,0,0,0,0,0,5,0,12
新北市,八里區,0,0,0,0,0,3,0,0,1,0,0,0,0,0,1,0,0,0,0,0,0,0,1,0,0,0,0,0,0,1,1,0,2,0,0,0,0,0,0,0,0,0,0,0,0,0,0,0,0,0,0,0,0,6,0,16
新北市,三芝區,0,0,0,0,0,5,0,0,1,0,0,0,0,0,1,0,0,0,0,0,0,0,1,0,0,0,0,0,0,3,0,0,0,0,0,0,0,1,0,0,0,0,0,0,0,0,0,1,0,0,0,0,0,6,0,19
新北市,三重區,0,0,0,0,0,12,0,0,5,0,0,0,1,0,4,1,0,0,0,0,1,0,1,0,0,0,0,0,2,7,0,0,4,0,0,0,0,2,0,0,0,4,2,0,1,0,1,0,0,0,0,0,1,26,2,77
新北市,三峽區,0,0,0,1,0,9,0,0,3,0,0,0,0,0,0,0,0,0,0,0,0,0,0,0,0,0,0,0,0,2,1,0,1,0,0,0,0,7,1,0,0,0,0,0,0,0,0,0,0,2,0,0,0,12,0,39
新北市,土城區,0,0,0,0,0,8,0,0,4,0,0,0,2,0,3,0,0,0,0,0,0,0,1,0,0,0,0,0,1,3,0,0,2,0,0,1,0,1,0,0,0,1,2,0,1,0,1,0,0,1,0,0,0,13,0,45
新北市,中和區,0,4,0,0,0,9,0,1,12,0,0,0,0,0,3,0,0,0,0,1,0,0,4,0,0,0,0,0,2,3,1,0,5,0,0,0,0,3,0,0,0,2,5,0,1,0,1,0,0,1,0,0,1,17,0,76
新北市,五股區,0,0,0,0,0,3,0,0,0,0,0,0,0,0,0,0,0,0,0,0,0,0,0,0,0,0,0,0,0,1,0,0,0,0,0,0,0,0,0,0,0,1,0,0,0,0,0,0,0,0,0,0,0,4,0,9
新北市,平溪區,0,0,0,0,0,0,0,0,1,0,0,0,0,0,0,0,0,0,0,0,0,0,0,0,0,0,0,0,0,0,0,0,0,0,0,0,0,1,0,0,0,0,0,0,0,0,0,0,0,1,0,0,0,3,0,6
新北市,永和區,0,0,0,0,0,3,0,0,5,0,0,0,0,0,0,0,0,0,0,0,0,0,1,0,0,0,0,0,0,1,0,0,3,0,0,0,0,5,0,0,0,0,0,0,0,0,0,0,0,1,0,0,0,6,0,25
新北市,石門區,0,0,0,1,0,2,0,0,0,0,0,0,0,0,1,0,0,0,0,0,0,0,0,0,0,0,0,0,0,0,0,0,0,0,0,0,0,1,0,0,0,0,0,0,0,0,0,0,0,0,0,0,0,3,0,8
新北市,石碇區,0,0,0,0,0,2,0,0,3,0,0,0,0,0,0,0,0,0,0,0,0,0,0,0,0,0,1,0,1,4,0,0,0,0,0,0,0,1,1,0,0,0,1,0,0,0,0,0,0,2,0,0,0,5,0,21
新北市,汐止區,0,0,0,0,0,6,0,0,6,0,0,0,1,0,2,0,0,0,0,0,0,0,0,0,0,0,0,0,0,1,1,0,1,1,0,0,0,0,0,0,0,0,1,0,0,0,0,0,0,1,0,0,0,12,0,33
新北市,坪林區,0,0,0,0,0,1,0,0,1,0,0,0,0,0,0,0,0,0,0,0,0,0,1,0,0,0,0,0,0,2,0,0,0,0,0,0,0,0,0,0,0,0,1,0,0,0,0,0,0,0,0,0,0,3,0,9
新北市,板橋區,0,3,0,1,0,19,1,0,13,0,0,1,0,0,8,0,0,0,0,0,0,0,6,0,0,0,0,0,3,13,0,0,5,0,0,0,0,4,0,0,0,2,4,0,1,1,1,0,0,2,0,0,2,27,1,118
新北市,林口區,0,0,0,1,0,7,0,0,6,0,0,0,0,0,1,0,0,0,0,0,0,0,3,0,0,0,0,0,1,4,0,0,3,0,0,0,1,1,0,1,0,4,4,0,0,0,0,0,0,2,0,1,0,13,0,53
新北市,金山區,0,0,0,0,0,2,0,0,0,0,0,0,0,0,0,0,0,0,0,0,0,0,0,0,0,0,0,0,0,1,0,0,0,0,0,0,0,2,0,0,0,0,1,0,0,0,0,0,0,0,0,0,0,4,1,11
新北市,泰山區,0,0,0,0,0,4,0,0,8,0,0,1,0,0,5,0,0,0,0,0,0,1,2,0,0,0,0,0,2,1,0,0,1,0,0,0,0,1,0,0,0,3,2,0,1,0,1,0,0,0,0,0,1,12,0,46
新北市,烏來區,0,0,0,0,0,2,0,0,0,0,0,0,0,0,0,0,0,0,0,0,0,0,0,0,0,0,0,0,0,0,0,0,0,0,0,0,0,0,0,0,0,0,0,0,0,0,0,0,0,0,0,0,0,7,0,9
新北市,貢寮區,0,0,0,2,0,2,0,0,2,0,0,0,0,0,0,0,0,0,0,0,0,0,0,0,0,0,0,0,0,0,0,0,0,0,0,0,0,1,0,0,0,0,0,0,0,0,0,0,0,0,0,0,0,4,0,11
新北市,淡水區,0,0,0,0,0,10,0,0,10,0,0,0,3,0,7,0,0,0,0,1,0,0,4,0,0,0,0,0,4,10,1,0,5,1,0,0,1,6,0,1,0,6,4,0,1,0,1,3,0,2,0,0,1,26,1,109
新北市,深坑區,0,0,0,0,0,2,0,0,1,0,0,0,0,0,0,0,0,0,0,0,0,0,1,0,0,0,0,0,1,1,0,0,2,0,0,0,0,0,0,0,0,0,0,0,0,0,0,0,0,1,0,0,0,3,0,12
新北市,新店區,0,0,0,1,0,7,0,0,7,0,0,0,1,0,1,0,0,0,0,0,0,0,3,0,0,0,0,0,1,5,0,0,2,0,0,0,0,4,0,0,0,1,3,0,0,0,0,0,0,1,0,0,0,22,1,60
新北市,新莊區,0,0,0,0,0,15,0,0,9,0,0,0,1,0,4,0,0,0,0,0,0,0,4,0,0,0,0,0,6,6,0,2,7,1,0,0,0,6,0,0,0,2,2,0,2,0,0,0,0,4,0,0,2,23,0,96
新北市,瑞芳區,0,0,0,0,0,6,0,0,3,0,0,0,0,0,0,0,0,0,0,0,0,0,1,0,0,0,0,0,0,0,0,1,0,0,0,0,0,0,0,0,0,0,0,0,0,0,0,0,0,3,0,0,0,8,0,22
新北市,萬里區,0,0,0,0,0,3,0,0,2,0,0,0,0,0,1,0,0,0,0,0,0,0,0,0,0,0,0,0,0,0,0,0,0,0,0,0,0,1,0,0,0,0,0,0,0,0,0,0,0,0,0,0,0,1,1,9
新北市,樹林區,0,3,0,0,0,8,0,0,7,0,0,0,1,0,1,0,0,0,0,0,0,0,1,0,0,0,0,0,1,4,0,0,1,1,1,0,1,6,0,1,0,2,0,0,0,0,0,0,0,1,0,0,0,8,0,48
新北市,雙溪區,0,0,0,0,0,1,0,0,1,0,0,0,0,0,1,0,0,0,0,0,0,0,0,0,0,0,0,0,0,0,0,0,0,0,0,0,0,1,0,1,0,1,0,0,0,0,0,0,0,0,0,0,0,5,0,11
新北市,蘆洲區,0,0,0,0,0,4,0,0,4,0,0,0,1,0,3,0,0,0,0,0,1,0,1,0,0,0,0,0,1,3,0,0,2,0,0,0,0,1,0,0,0,1,2,0,1,0,1,0,0,1,0,0,1,8,0,36
新北市,鶯歌區,0,0,0,0,0,5,0,0,3,0,0,0,0,0,1,0,0,0,0,0,0,0,1,0,0,0,0,0,1,3,1,0,0,0,0,0,0,1,0,0,0,1,2,0,0,0,0,0,0,2,0,0,0,14,0,35
新竹市,北區,0,0,0,0,0,6,0,0,2,0,0,0,0,0,1,0,0,0,0,0,0,0,2,0,0,0,0,0,0,1,0,1,2,0,0,0,1,1,0,0,0,0,1,0,0,0,0,0,0,1,0,0,1,7,0,27
新竹市,東區,0,2,0,0,0,18,0,0,22,1,0,0,3,0,5,0,0,0,0,1,1,0,7,0,0,0,0,0,5,12,1,4,10,0,0,0,0,4,0,0,0,16,11,0,0,0,0,0,0,2,0,1,2,30,4,162
新竹市,香山區,0,1,0,0,0,10,0,0,11,0,0,1,0,0,1,1,0,0,0,0,0,0,6,0,0,0,0,0,3,2,0,0,2,0,0,0,0,0,1,1,0,3,4,1,0,0,0,0,0,1,0,0,0,14,0,63
新竹縣,五峰鄉,0,0,0,0,0,1,0,0,0,0,0,0,0,0,0,0,0,0,0,0,0,0,0,0,0,0,0,0,0,0,0,0,0,0,0,0,0,0,0,0,0,0,0,0,0,0,0,0,0,2,0,0,0,2,0,5
新竹縣,北埔鄉,0,0,0,0,0,4,0,0,1,0,0,0,0,0,0,0,0,0,0,0,0,0,0,0,0,0,0,0,1,0,0,0,0,0,0,0,0,1,0,0,0,1,0,0,0,0,0,0,0,0,0,0,0,4,0,12
新竹縣,尖石鄉,0,0,0,1,0,4,0,0,0,0,0,0,0,0,1,0,0,0,0,0,0,0,0,0,0,0,0,0,0,0,0,0,0,0,0,0,0,0,0,1,0,0,0,0,0,0,0,0,0,0,0,0,0,7,0,14
新竹縣,竹北市,0,0,0,1,0,10,0,0,11,0,0,0,3,0,0,0,0,0,0,0,2,0,7,0,0,0,0,0,2,6,1,0,3,0,0,0,7,4,0,0,0,2,6,0,0,0,0,0,0,4,0,1,0,26,1,97
新竹縣,竹東鎮,0,0,0,0,0,8,0,0,11,0,0,0,1,0,0,0,0,0,0,0,0,0,1,0,0,0,0,0,0,7,0,0,1,0,0,0,1,2,0,1,0,4,0,0,0,0,0,0,0,1,0,1,0,14,0,53
新竹縣,芎林鄉,0,0,0,0,0,2,0,0,3,0,0,1,0,0,0,0,0,0,0,0,0,0,1,0,0,0,0,0,1,1,0,0,0,0,0,0,0,0,0,0,0,0,0,0,0,0,0,0,0,1,0,0,0,3,0,13
新竹縣,峨眉鄉,0,0,0,0,0,1,0,0,0,0,0,0,0,0,1,0,0,0,0,0,0,0,0,0,0,0,0,0,0,2,0,0,0,0,0,0,0,1,0,0,0,1,0,0,0,0,0,0,0,2,0,0,0,3,0,11
新竹縣,湖口鄉,0,1,0,0,0,4,0,0,6,0,0,0,1,0,0,0,0,0,0,0,2,0,3,0,0,0,0,0,2,3,0,0,2,1,0,0,0,3,0,0,0,2,0,0,0,0,0,0,0,2,0,1,0,12,0,45
新竹縣,新埔鎮,0,0,0,0,0,5,0,0,1,0,0,0,0,0,1,0,0,0,0,0,0,0,1,0,0,0,0,0,0,0,1,0,0,0,0,0,0,0,0,0,0,1,0,0,0,0,0,0,0,1,0,1,0,10,0,22
新竹縣,新豐鄉,0,0,0,1,0,6,0,0,7,0,2,0,0,0,1,0,0,0,0,0,0,0,2,0,0,1,0,0,1,3,0,0,1,1,0,0,0,1,0,0,0,1,1,0,0,0,0,0,0,1,0,1,0,11,0,42
新竹縣,橫山鄉,0,0,0,0,0,2,0,0,2,0,0,0,0,0,1,0,0,0,0,0,0,0,0,0,0,0,0,0,0,1,0,0,1,0,0,0,0,2,0,0,0,2,0,0,0,0,0,0,0,2,0,0,0,3,0,16
新竹縣,關西鎮,0,0,0,0,0,6,0,0,6,0,0,0,1,0,0,0,0,0,0,0,0,0,1,0,0,4,0,0,2,1,0,2,0,0,0,0,0,2,0,0,0,2,1,0,1,0,0,0,0,1,0,0,0,10,0,40
新竹縣,寶山鄉,0,0,0,0,0,3,0,0,1,0,0,0,1,0,0,0,0,0,0,0,0,0,1,0,0,1,0,0,0,1,0,0,0,0,0,0,0,1,0,0,0,1,1,0,0,0,0,0,0,0,0,0,0,2,0,13
嘉義市,西區,0,0,0,1,0,11,0,0,7,0,0,0,4,0,2,0,0,0,0,0,0,0,1,0,0,0,0,0,0,8,1,0,1,0,0,0,0,2,0,0,0,2,0,0,0,0,0,0,0,0,0,0,0,14,0,54
嘉義市,東區,0,0,0,0,0,15,0,0,13,0,0,0,5,0,4,0,0,0,0,0,0,0,4,0,0,0,1,0,0,12,1,1,5,0,0,0,0,6,1,0,0,2,1,0,0,1,0,0,0,3,0,1,1,23,0,100
嘉義縣,大林鎮,0,0,0,1,0,9,0,0,4,0,0,0,2,0,0,0,0,0,0,0,0,0,0,0,0,0,0,0,0,6,1,0,1,0,0,0,0,2,1,0,0,4,0,0,0,0,0,0,0,0,0,0,0,10,0,41
嘉義縣,大埔鄉,0,0,0,0,0,1,0,0,1,0,0,0,0,0,0,0,0,0,0,0,0,0,0,0,0,0,0,0,0,0,0,0,0,0,0,0,0,0,0,0,0,0,0,0,0,0,0,0,0,0,0,0,0,1,0,3
嘉義縣,中埔鄉,0,0,0,0,0,6,0,0,4,0,0,0,2,1,0,0,0,0,0,0,0,0,0,0,0,0,0,0,0,1,0,1,0,0,0,0,0,2,0,0,0,1,0,0,0,0,0,0,0,1,0,0,0,8,0,27
嘉義縣,六腳鄉,0,0,0,0,0,2,0,0,1,0,0,0,0,0,0,0,0,0,0,0,0,0,1,0,0,0,0,0,0,0,0,1,0,0,0,0,0,1,0,0,0,0,0,0,0,0,0,0,0,2,0,0,0,1,0,9
嘉義縣,太保市,0,0,0,0,0,4,0,0,3,0,0,0,0,0,0,0,0,0,0,0,0,0,0,0,0,0,0,0,0,0,0,2,1,0,0,0,0,0,0,0,0,0,0,0,0,0,0,0,0,1,0,0,0,4,0,15
嘉義縣,水上鄉,0,0,0,0,0,6,0,0,1,0,0,0,0,0,1,0,0,0,0,0,0,0,1,0,0,0,0,0,0,0,0,0,0,0,0,0,0,1,0,0,0,0,0,0,0,0,0,0,0,0,0,0,0,8,0,18
嘉義縣,布袋鎮,0,0,0,2,0,2,0,0,2,0,0,0,0,0,2,0,0,0,0,0,0,0,0,0,0,0,0,0,0,0,0,0,1,0,0,0,0,2,0,0,0,0,0,0,0,0,0,0,0,1,0,0,0,8,0,20
嘉義縣,民雄鄉,0,0,0,0,0,11,0,0,6,0,0,0,7,0,0,0,0,1,0,1,1,0,2,0,0,0,0,0,2,8,1,0,3,0,0,0,1,2,0,0,0,2,2,0,0,0,1,0,0,2,0,0,2,13,0,68
嘉義縣,朴子市,0,0,0,0,0,6,0,0,3,0,0,0,0,0,2,0,0,0,0,1,0,0,0,0,0,0,0,0,0,4,0,2,0,0,0,0,0,0,0,0,0,3,1,0,0,0,0,0,0,1,0,0,0,8,0,31
嘉義縣,竹崎鄉,0,0,0,0,0,5,0,0,3,0,0,0,1,0,0,0,0,0,0,0,0,0,0,0,0,0,0,0,0,0,1,0,1,0,0,0,0,1,0,0,0,0,0,0,0,0,0,0,0,2,0,0,0,8,0,22
嘉義縣,東石鄉,0,0,0,0,0,4,0,0,1,0,0,0,4,0,0,0,0,0,0,0,0,0,0,0,0,0,0,0,0,3,0,0,0,0,0,0,0,1,0,0,0,0,0,0,0,0,0,0,0,4,0,0,0,6,0,23
嘉義縣,阿里山鄉,0,0,0,0,0,2,0,0,1,0,0,0,0,0,0,0,0,0,0,0,0,0,0,0,0,0,0,0,0,0,0,0,0,0,0,0,0,0,0,0,0,0,0,0,0,0,0,0,0,0,0,0,0,8,0,11
嘉義縣,梅山鄉,0,0,0,0,0,5,0,0,1,0,0,0,0,0,0,0,0,0,0,0,0,0,0,0,0,0,0,0,0,0,0,0,1,0,0,0,0,1,0,0,0,1,0,0,0,0,0,0,0,1,0,0,0,9,0,19
嘉義縣,鹿草鄉,0,0,0,0,0,3,0,0,0,0,0,0,1,0,1,0,0,0,0,0,0,0,0,0,0,0,0,0,0,1,0,0,0,0,0,0,0,0,0,0,0,0,0,0,0,0,0,0,0,0,0,0,0,5,0,11
嘉義縣,番路鄉,0,0,0,0,0,2,0,0,0,0,0,0,0,0,0,0,0,0,0,0,0,0,0,0,0,0,0,0,0,0,0,0,0,0,0,0,0,0,0,0,0,0,0,0,0,0,0,0,0,1,0,0,0,4,0,7
嘉義縣,新港鄉,0,0,0,1,0,1,0,0,3,0,0,0,1,0,1,0,0,0,0,0,0,0,0,0,0,0,0,0,0,3,0,0,2,0,1,0,0,1,0,0,0,2,1,0,0,0,0,0,0,0,0,0,0,2,0,19
嘉義縣,溪口鄉,0,0,0,0,0,3,0,0,1,0,0,0,1,0,0,0,0,0,0,0,0,0,1,0,0,0,0,0,0,2,0,0,0,0,0,0,0,0,0,0,0,1,0,0,0,0,0,0,0,2,0,0,0,7,0,18
嘉義縣,義竹鄉,0,0,0,0,0,1,0,0,1,0,0,0,0,0,0,0,0,0,0,0,0,0,0,0,0,0,0,0,0,1,0,0,0,0,0,0,0,0,0,0,0,0,0,0,0,0,0,0,0,2,0,0,0,7,0,12
彰化縣,二水鄉,1,0,0,0,0,3,0,0,2,0,0,0,1,0,0,0,1,0,0,0,0,0,1,0,0,0,0,0,0,1,0,0,0,0,0,0,0,2,0,0,0,1,0,0,0,0,0,0,0,0,0,0,1,7,0,21
彰化縣,二林鎮,0,1,0,0,0,12,0,0,3,0,0,1,0,0,0,1,0,0,0,0,0,0,0,0,0,0,0,0,0,4,1,1,1,0,0,0,1,10,0,1,0,1,0,0,0,0,0,0,0,2,0,1,1,23,0,65
彰化縣,大村鄉,0,0,0,0,0,4,0,0,2,0,0,0,1,0,1,0,0,0,0,0,0,0,0,0,0,0,0,0,1,0,0,0,0,0,0,0,0,2,0,3,0,1,0,0,0,0,0,0,0,1,0,0,0,6,0,22
彰化縣,大城鄉,0,0,0,0,0,4,0,0,1,0,0,0,0,0,3,0,0,0,0,0,0,0,0,0,0,0,0,0,0,0,3,1,0,0,0,0,0,4,0,2,0,0,0,0,0,0,0,0,0,3,0,0,0,7,0,28
彰化縣,北斗鎮,0,0,2,0,0,6,0,0,3,0,0,0,1,0,0,0,1,0,0,0,0,0,3,0,0,0,0,0,1,3,0,0,0,0,0,0,0,4,0,0,0,3,1,0,0,0,0,0,0,1,0,0,0,12,0,41
彰化縣,永靖鄉,0,0,0,0,0,6,0,0,6,0,0,0,3,0,0,0,0,0,0,0,0,0,3,0,0,0,0,0,0,1,0,1,0,0,0,0,0,2,0,0,0,1,2,0,0,0,0,0,0,0,0,0,0,9,0,34
彰化縣,田中鎮,0,0,0,0,0,7,0,0,4,0,0,0,1,0,0,0,0,0,0,0,0,0,2,0,0,0,0,0,0,1,0,0,1,0,0,0,0,4,0,0,0,1,1,0,0,2,0,0,0,1,0,0,0,9,0,34
彰化縣,田尾鄉,0,0,0,0,0,3,0,0,2,0,0,0,1,0,0,0,0,0,0,0,0,0,1,0,0,0,0,0,0,0,0,0,0,0,0,0,0,3,0,0,0,0,0,0,0,0,0,0,0,2,0,0,0,7,0,19
彰化縣,竹塘鄉,0,0,0,0,0,5,0,0,1,0,0,0,0,0,1,0,0,0,0,0,0,0,2,0,0,0,0,0,2,0,0,0,0,0,0,0,0,3,0,0,0,0,0,0,0,0,0,0,0,1,0,0,0,8,0,23
彰化縣,伸港鄉,0,0,0,0,0,3,0,0,0,0,0,0,1,0,1,0,0,0,0,0,0,0,2,0,0,0,0,0,0,2,0,0,0,1,0,0,0,2,0,0,0,1,2,0,0,0,0,0,0,2,0,1,0,5,0,23
彰化縣,秀水鄉,0,0,0,0,0,7,0,0,3,0,0,0,0,0,0,0,0,0,0,0,0,0,1,0,0,0,0,0,0,1,0,0,0,0,0,0,0,2,0,0,0,1,0,0,0,0,0,0,0,1,0,0,0,10,0,26
彰化縣,和美鎮,0,0,0,0,0,4,0,0,5,0,0,0,0,1,0,0,0,0,0,1,0,0,2,0,0,0,0,0,0,7,0,0,1,1,0,0,1,8,0,2,0,1,1,0,0,0,0,0,0,5,0,0,0,12,0,52
彰化縣,社頭鄉,0,0,0,0,0,7,0,0,4,0,0,0,2,1,1,0,0,0,0,0,0,0,3,0,0,0,0,0,1,1,0,1,1,0,0,0,1,4,0,1,0,3,2,0,0,0,0,0,0,0,0,1,0,16,0,50
彰化縣,芬園鄉,0,0,0,0,0,7,0,0,1,0,0,0,1,0,0,0,0,0,0,0,0,0,2,0,0,0,0,0,0,1,0,0,0,0,0,0,1,4,0,0,0,0,0,0,0,0,0,0,0,2,0,0,0,9,0,28
彰化縣,花壇鄉,0,0,0,0,0,6,0,0,1,0,0,0,0,0,0,0,0,0,0,0,0,0,0,0,0,0,0,0,1,1,0,0,0,1,0,0,0,3,0,1,0,1,1,0,0,0,0,0,0,1,0,0,0,6,0,23
彰化縣,芳苑鄉,0,0,0,0,0,9,0,0,3,0,0,0,3,0,1,0,0,0,0,0,0,1,1,0,0,0,0,0,0,1,0,0,0,0,0,0,0,8,0,2,0,1,0,0,0,1,0,0,0,1,0,1,0,11,0,44
彰化縣,員林市,0,0,0,0,0,14,0,0,8,0,0,0,0,0,2,0,0,0,0,0,0,0,4,0,0,0,0,0,2,5,1,0,1,0,0,0,0,8,0,0,0,4,3,0,0,0,1,0,0,1,0,0,1,20,2,77
彰化縣,埔心鄉,0,0,0,0,0,7,0,0,3,0,0,0,0,0,1,0,0,0,0,0,0,0,1,0,0,0,0,0,0,0,0,0,0,0,0,0,0,5,0,1,0,1,0,0,0,0,0,0,0,1,0,0,0,8,0,28
彰化縣,埔鹽鄉,0,1,0,0,0,6,0,0,3,0,0,0,2,0,1,0,0,0,0,0,0,0,0,0,0,0,0,0,0,2,0,0,0,0,0,0,0,4,0,0,0,0,0,0,0,0,0,0,0,0,0,0,0,7,1,27
彰化縣,埤頭鄉,0,0,0,0,0,6,0,0,3,0,0,0,1,0,0,0,0,0,0,0,0,0,1,0,0,0,0,0,1,1,0,0,1,0,0,0,0,4,0,0,0,3,1,0,0,0,0,0,0,0,0,0,0,13,0,35
彰化縣,鹿港鎮,0,0,0,1,0,9,0,0,5,0,0,0,0,0,2,0,0,0,0,1,0,0,3,0,0,0,0,0,0,7,1,0,1,0,0,0,0,9,0,1,0,1,0,0,0,0,0,0,0,4,0,0,0,13,0,58
彰化縣,溪州鄉,0,0,0,0,0,6,0,0,3,0,0,0,1,0,0,0,0,0,0,0,0,0,1,0,0,0,1,0,0,2,0,0,1,0,0,0,0,6,0,1,0,1,0,0,0,0,0,0,0,3,0,1,0,15,0,42
彰化縣,溪湖鎮,0,0,0,0,0,5,0,0,3,0,0,0,1,0,0,0,0,0,0,0,0,0,1,0,0,0,0,0,1,0,0,0,2,1,0,0,1,6,0,1,0,5,1,0,0,1,0,0,0,3,0,1,0,14,1,48
彰化縣,彰化市,0,1,0,0,0,28,0,1,17,0,0,0,4,0,0,0,0,0,0,0,0,0,10,0,0,0,0,0,6,14,1,2,5,1,0,0,2,9,1,0,0,9,6,0,0,0,0,0,0,3,0,1,0,47,2,170
彰化縣,福興鄉,0,0,0,0,0,6,0,0,1,0,0,0,2,0,0,0,0,0,0,0,0,0,2,0,0,0,0,0,0,2,1,0,1,1,0,0,0,7,0,1,0,3,0,0,0,0,0,0,0,0,0,0,0,11,0,38
彰化縣,線西鄉,0,0,0,0,0,4,0,0,1,0,0,0,0,0,0,0,0,0,0,0,0,0,1,0,0,0,0,0,0,0,0,0,0,0,0,0,0,1,0,0,0,0,0,0,0,0,0,0,0,1,0,0,0,5,0,13
臺中市,大甲區,0,1,0,2,0,12,0,0,3,0,0,0,0,0,1,0,0,0,0,0,0,0,0,0,0,0,0,0,0,1,0,0,0,0,0,0,0,2,0,0,0,0,0,0,0,0,0,0,0,0,0,1,0,12,0,35
臺中市,大安區,0,0,0,0,0,2,0,0,4,0,0,0,0,0,0,0,0,0,0,0,0,0,2,0,0,0,0,0,0,0,0,0,0,0,0,0,0,1,0,0,0,0,0,0,0,0,0,0,0,0,0,0,0,2,0,11
臺中市,大肚區,0,0,0,0,0,5,0,0,2,0,0,0,0,0,0,0,0,0,0,0,0,0,1,0,0,0,0,0,0,1,0,0,1,0,0,0,0,1,0,0,0,0,0,0,0,0,0,0,0,0,0,1,0,4,0,16
臺中市,大里區,0,1,0,1,0,11,0,0,8,0,0,0,0,0,3,0,0,0,0,0,0,0,2,0,0,0,0,0,2,10,1,0,2,1,0,0,1,3,0,0,0,3,2,0,0,1,0,0,0,2,0,0,0,19,0,73
臺中市,大雅區,0,0,0,0,0,4,0,0,4,0,0,0,0,0,0,0,0,0,0,0,0,0,0,0,0,0,0,0,0,5,0,0,3,0,0,0,0,0,0,0,0,0,1,0,0,0,0,0,0,2,0,0,0,7,1,27
臺中市,中區,0,0,0,0,0,0,0,0,0,0,0,0,0,0,0,0,0,0,0,0,0,0,0,0,0,0,0,0,0,0,0,0,0,0,0,0,0,0,0,0,0,0,0,0,0,0,0,0,0,1,0,0,0,0,0,1
臺中市,太平區,0,0,0,2,0,7,0,0,4,0,0,0,2,0,2,0,0,0,0,0,0,0,1,0,0,0,1,0,1,1,0,0,2,0,0,0,4,2,0,1,0,3,1,0,1,0,0,0,0,1,0,1,0,18,0,55
臺中市,北屯區,0,0,0,1,0,19,0,0,13,0,0,0,2,0,0,0,0,0,0,0,0,0,3,0,0,1,0,0,1,5,0,1,4,0,0,0,0,7,0,0,0,4,2,0,0,0,0,0,0,1,0,0,0,20,0,84
臺中市,北區,0,0,0,0,0,11,0,0,9,0,0,0,1,0,1,0,0,0,0,1,0,0,4,0,0,0,0,0,1,9,0,1,5,0,0,0,0,1,0,0,0,5,1,0,1,0,0,0,0,2,0,0,0,16,0,69
臺中市,外埔區,0,0,0,0,0,3,0,0,1,0,0,0,0,0,0,0,0,0,0,0,0,0,1,0,0,0,0,0,1,0,0,0,0,0,0,0,0,2,0,0,0,1,0,0,0,0,0,0,0,0,0,0,0,6,0,15
臺中市,石岡區,0,0,0,0,0,1,0,0,1,0,0,0,0,0,1,0,0,0,0,0,0,0,0,0,0,0,0,0,0,0,0,0,1,0,0,0,0,0,0,0,0,0,0,0,0,0,0,0,0,1,0,0,0,2,0,7
臺中市,后里區,0,0,0,0,0,7,0,0,2,0,0,0,0,0,0,0,0,0,0,0,0,0,1,0,0,0,0,0,0,0,0,0,1,0,0,0,0,2,0,0,0,0,0,0,0,0,0,0,0,0,0,1,0,5,0,19
臺中市,西屯區,0,0,0,1,0,13,0,0,15,0,0,0,3,0,0,0,0,0,0,0,0,0,2,0,0,0,0,0,1,5,1,0,4,0,0,0,0,4,0,0,0,2,3,0,0,0,1,0,0,2,0,1,0,19,1,78
臺中市,西區,0,0,0,0,0,2,0,0,9,0,0,0,1,0,0,0,0,0,0,0,0,0,2,0,0,0,0,0,0,3,1,1,3,0,0,0,1,3,0,0,0,4,1,0,0,0,0,0,0,4,0,0,0,10,0,45
臺中市,沙鹿區,0,0,0,0,0,5,0,0,8,0,0,0,1,0,3,0,0,0,0,0,0,0,1,0,0,0,0,0,2,9,1,0,2,1,0,0,0,3,0,0,0,3,2,0,0,0,0,0,0,0,0,1,1,14,0,57
臺中市,和平區,0,0,0,1,0,3,0,0,0,0,0,0,0,0,1,0,0,0,0,0,0,0,0,0,0,0,0,0,0,0,0,0,0,0,0,0,0,0,0,0,0,0,0,0,0,0,0,0,0,0,0,0,0,4,0,9
臺中市,東區,0,0,0,0,0,5,0,0,5,0,0,0,0,0,0,0,0,0,0,0,0,0,1,0,0,0,0,0,1,2,1,0,1,0,0,0,1,0,0,0,0,2,1,0,0,0,0,0,0,1,0,0,0,9,0,30
臺中市,東勢區,0,0,0,0,0,8,0,0,2,0,0,0,1,0,0,0,0,0,0,0,0,0,0,0,0,0,0,0,0,2,1,0,3,0,0,0,0,1,0,0,0,0,1,0,0,0,0,0,0,1,0,0,0,7,0,27
臺中市,南屯區,0,0,0,1,0,9,0,0,9,0,0,0,2,0,0,0,0,0,0,0,0,0,1,0,0,0,0,0,1,4,0,0,0,0,0,0,0,2,0,0,0,3,1,0,0,0,0,0,0,1,0,0,0,13,0,47
臺中市,南區,0,1,0,0,0,5,0,0,8,0,0,1,2,0,0,0,0,0,0,0,0,0,2,0,0,0,0,0,1,5,0,0,2,0,0,0,1,0,0,0,0,2,2,0,0,0,0,0,0,1,0,0,1,10,0,44
臺中市,烏日區,0,0,0,0,0,4,0,0,2,0,0,0,0,0,1,0,0,0,0,0,0,0,1,0,0,0,0,0,1,3,0,0,2,0,0,0,1,1,0,0,0,1,0,0,0,1,0,0,0,2,0,0,0,14,0,34
臺中市,神岡區,0,0,0,0,0,3,0,0,4,0,0,0,0,0,0,0,0,0,0,0,0,0,0,0,0,0,0,0,0,1,0,0,1,0,0,0,0,0,0,0,0,0,0,0,0,0,0,0,0,0,0,0,0,4,0,13
臺中市,梧棲區,0,0,0,0,0,2,0,0,2,0,0,0,0,0,1,0,0,0,0,0,0,0,1,0,0,0,0,0,0,0,1,0,1,0,0,0,0,2,0,0,0,1,1,0,0,0,0,0,0,1,0,1,0,2,0,16
臺中市,清水區,0,0,0,0,0,5,0,0,3,1,0,0,1,0,0,0,0,0,0,0,0,0,0,0,0,0,0,0,0,1,1,0,0,0,0,0,0,2,0,1,0,0,0,0,0,0,0,0,0,1,0,0,0,8,1,25
臺中市,新社區,0,0,0,2,0,3,0,0,2,0,0,0,0,0,0,0,0,0,0,0,0,0,0,0,0,0,0,0,0,0,0,0,1,0,0,0,0,1,0,2,0,0,0,0,0,1,0,0,0,0,0,0,1,6,0,19
臺中市,潭子區,0,1,0,0,0,5,0,0,4,0,0,0,0,0,1,0,0,0,0,0,0,0,0,0,0,0,0,0,0,2,0,0,2,0,0,0,0,0,0,0,0,1,0,0,0,0,0,0,0,1,0,1,0,7,0,25
臺中市,龍井區,0,4,0,0,0,5,0,0,2,0,0,0,1,0,0,0,0,0,0,0,1,0,1,0,0,0,0,0,0,1,0,0,1,0,0,0,1,1,0,1,0,0,0,0,0,0,0,0,0,1,0,1,0,15,0,36
臺中市,豐原區,0,0,0,1,0,10,0,0,4,0,0,0,0,0,0,0,0,0,0,0,0,0,0,0,0,2,0,0,0,6,1,1,1,0,0,0,1,1,0,0,0,1,0,0,0,0,0,0,0,2,0,0,0,14,0,45
臺中市,霧峰區,0,0,0,0,0,9,0,0,7,0,0,0,0,0,0,0,0,0,0,0,0,0,1,0,0,0,0,0,0,2,0,0,1,1,0,0,0,0,0,0,0,0,1,0,0,0,0,0,0,0,0,0,0,15,0,37
臺北市,士林區,0,0,0,1,0,14,0,0,8,0,0,0,2,0,1,0,0,0,0,0,0,0,5,0,0,0,0,0,4,10,1,1,12,0,0,0,0,2,0,0,0,6,4,0,0,0,0,0,0,3,0,0,0,29,0,103
臺北市,大同區,1,0,0,0,0,2,0,0,6,0,0,0,0,0,2,0,0,0,0,0,0,0,1,0,0,0,0,0,1,1,0,0,3,0,0,0,0,0,0,0,0,1,1,0,0,0,0,0,0,1,0,1,2,6,0,29
臺北市,大安區,0,1,0,0,0,10,0,0,11,0,0,0,3,0,6,0,0,0,0,1,0,0,6,0,0,0,1,0,5,9,0,0,13,0,0,0,1,1,0,0,1,5,6,0,3,0,3,0,1,0,0,0,0,28,2,117
臺北市,中山區,0,0,0,0,0,5,1,0,13,0,0,0,1,0,3,0,0,0,0,1,0,0,2,0,0,0,1,0,2,7,0,1,6,0,0,0,0,0,0,0,0,5,5,0,0,0,0,0,0,0,0,0,1,18,1,73
臺北市,中正區,0,0,0,0,0,8,0,0,9,0,0,0,0,0,0,0,0,0,0,0,1,0,2,0,0,0,1,0,3,6,0,0,6,0,0,0,0,1,1,0,0,0,3,1,1,0,0,1,0,1,0,0,0,18,0,63
臺北市,內湖區,0,0,0,1,0,7,0,0,11,0,0,0,1,0,0,0,0,0,0,1,0,0,4,0,0,0,1,0,5,10,0,0,13,0,0,0,0,0,0,0,0,6,4,0,1,0,1,0,0,3,0,0,1,22,0,92
臺北市,文山區,0,0,0,2,0,8,2,0,14,0,0,1,2,0,1,0,0,0,0,2,1,0,5,0,0,0,1,0,3,11,0,0,13,0,0,0,0,1,1,0,0,3,6,0,3,0,0,0,1,4,0,1,1,34,2,123
臺北市,北投區,0,0,0,0,0,15,0,0,14,0,0,0,4,0,0,0,0,0,0,0,0,0,6,0,0,0,2,1,4,11,0,0,12,0,0,0,0,1,0,0,1,10,4,0,1,0,1,0,0,3,0,1,2,33,0,126
臺北市,松山區,0,0,0,2,0,2,0,0,6,0,0,0,1,0,3,0,0,0,0,0,0,0,2,0,0,0,0,0,1,2,0,0,6,0,0,0,0,1,0,0,0,2,1,0,0,0,0,0,0,1,0,1,0,7,0,38
臺北市,信義區,0,0,0,0,0,9,0,0,10,0,0,0,1,0,3,0,0,0,0,0,1,0,3,0,0,0,1,0,3,6,1,0,9,1,0,0,0,2,0,0,0,1,3,0,0,0,1,0,0,3,0,0,2,22,0,82
臺北市,南港區,0,1,0,0,0,5,0,0,5,0,0,0,1,0,0,0,0,0,0,0,1,0,3,0,0,0,0,0,4,5,0,0,6,0,1,0,0,2,1,0,0,0,3,0,0,0,1,0,0,1,0,0,1,15,0,56
臺北市,萬華區,0,0,0,0,0,3,0,0,9,0,0,1,1,0,0,0,0,0,0,0,0,0,1,0,0,0,2,0,1,1,0,1,6,0,0,0,1,2,0,0,0,1,1,0,0,0,1,0,0,1,0,0,1,10,0,44
臺東縣,大武鄉,0,0,0,0,0,0,0,0,1,0,0,0,1,0,0,0,0,0,0,0,0,0,0,0,0,0,0,0,0,0,0,0,1,0,0,0,0,0,0,0,0,0,0,0,0,0,0,0,0,0,0,0,0,2,0,5
臺東縣,太麻里鄉,0,0,0,0,0,4,0,0,1,0,0,0,0,0,0,0,0,0,0,0,0,0,0,0,0,0,0,0,0,0,1,0,0,0,0,0,0,1,0,0,0,0,0,0,0,0,0,0,0,1,0,0,0,4,0,12
臺東縣,成功鎮,0,0,0,0,0,5,0,0,4,0,0,0,0,0,0,0,0,0,0,0,0,0,0,0,0,0,0,0,0,0,1,2,1,0,0,0,0,0,0,0,0,1,0,0,0,0,0,0,0,0,0,0,0,6,0,20
臺東縣,池上鄉,0,0,0,0,0,4,0,0,1,0,0,0,0,0,1,0,0,0,0,0,0,0,1,0,0,0,0,0,1,1,1,0,0,0,0,0,0,0,0,0,0,0,0,0,0,0,0,0,0,0,0,0,0,1,0,11
臺東縣,卑南鄉,0,0,0,0,0,4,0,0,1,0,0,0,1,0,0,0,0,0,0,1,0,0,0,0,0,0,0,0,0,0,1,0,0,0,0,0,0,0,0,0,0,1,0,0,0,0,0,0,0,1,0,0,0,4,0,14
臺東縣,延平鄉,0,0,0,0,0,2,0,0,0,0,0,0,0,0,0,0,0,0,0,0,0,0,0,0,0,0,0,0,0,1,1,2,0,0,0,0,0,0,0,0,0,0,0,0,0,0,0,0,0,0,0,0,0,6,0,12
臺東縣,東河鄉,0,0,0,0,0,3,0,0,0,0,0,0,0,0,0,0,0,0,0,0,0,0,0,0,0,0,0,0,0,0,0,1,0,0,0,0,0,0,0,0,0,0,0,0,0,0,0,0,0,0,0,0,0,4,0,8
臺東縣,金峰鄉,0,0,0,0,0,2,0,0,0,0,0,0,0,0,0,0,0,0,0,0,0,0,0,0,0,0,0,0,0,1,1,0,0,0,0,0,0,0,0,0,0,1,0,0,0,0,0,0,0,0,0,0,0,4,0,9
臺東縣,長濱鄉,0,0,0,0,0,5,0,0,1,0,0,0,0,0,0,0,0,0,0,0,0,0,0,0,0,0,0,0,0,0,0,0,0,0,0,0,0,0,0,0,0,0,0,0,0,0,0,0,0,0,0,0,0,4,0,10
臺東縣,海端鄉,0,0,0,0,0,5,0,0,0,0,0,0,0,0,2,0,0,0,0,0,0,0,0,0,0,0,0,0,0,1,1,0,0,0,0,0,0,0,0,1,0,0,0,0,0,0,0,0,0,0,0,0,0,4,0,14
臺東縣,鹿野鄉,0,0,0,0,0,4,0,0,1,0,0,0,2,0,0,0,0,0,0,0,0,0,0,0,0,0,0,0,0,2,2,1,0,0,0,0,0,0,0,0,0,1,0,0,0,0,0,0,0,1,0,2,0,5,0,21
臺東縣,達仁鄉,0,0,0,0,0,2,0,0,0,0,0,0,0,0,0,0,0,0,0,0,0,0,0,0,0,0,0,0,0,0,0,0,0,0,0,0,0,0,0,0,0,0,0,0,0,0,0,0,0,0,0,0,0,1,1,4
臺東縣,綠島鄉,0,0,0,0,0,0,0,0,3,0,0,0,0,0,0,0,0,0,0,0,0,0,0,0,0,0,0,0,0,0,0,0,0,0,0,0,0,0,0,0,0,0,0,0,0,0,0,0,0,0,0,0,0,0,0,3
臺東縣,臺東市,0,0,0,1,0,18,0,0,12,0,0,0,6,0,4,0,0,0,0,2,1,0,4,0,0,0,0,0,2,6,1,6,9,2,0,0,2,1,1,0,0,5,3,0,1,0,0,0,1,1,1,0,0,31,2,123
臺東縣,關山鎮,0,0,0,0,0,4,0,0,2,0,0,0,0,0,0,0,0,0,0,0,0,0,0,0,0,0,0,0,0,1,2,0,1,0,0,0,0,0,0,1,0,0,0,0,0,0,0,0,0,0,0,1,0,2,0,14
臺東縣,蘭嶼鄉,0,0,0,0,0,3,0,0,1,0,0,0,0,0,0,0,0,0,0,0,0,0,0,0,0,0,0,0,0,1,0,0,0,0,0,0,0,0,0,0,0,0,0,0,0,0,0,0,0,0,0,0,0,3,0,8
臺南市,七股區,0,0,0,0,0,8,0,0,4,0,0,0,2,0,1,0,0,0,0,0,0,0,0,0,0,0,0,0,0,2,0,0,0,0,0,0,0,2,0,0,0,1,0,0,0,0,0,0,0,1,0,2,0,6,0,29
臺南市,下營區,0,0,0,0,0,3,0,0,3,0,0,0,0,0,2,0,0,0,0,0,0,0,0,0,0,0,0,0,0,3,0,0,1,0,0,0,0,1,0,0,0,0,0,0,0,0,0,0,0,0,0,0,0,4,0,17
臺南市,大內區,0,0,0,0,0,1,0,0,1,0,0,0,1,0,0,0,0,0,0,0,0,0,0,0,0,1,0,0,0,0,0,0,0,0,0,0,0,0,0,0,0,0,0,0,0,0,0,0,0,0,0,0,0,1,0,5
臺南市,山上區,0,0,0,0,0,0,0,0,1,0,0,0,0,0,0,0,0,0,0,0,0,0,0,0,0,0,0,0,0,0,0,0,0,0,0,0,0,0,0,0,0,0,0,0,0,0,0,0,0,0,0,0,0,0,1,2
臺南市,中西區,0,0,0,0,0,7,0,0,4,0,0,0,1,0,0,0,0,0,0,0,0,0,2,0,0,0,0,0,2,5,0,0,1,0,0,0,0,1,0,0,0,0,2,0,0,0,0,0,0,0,0,0,0,9,1,35
臺南市,仁德區,0,1,0,0,0,6,0,0,7,0,0,0,3,0,0,0,0,0,1,0,0,0,3,0,0,0,0,0,0,5,2,0,2,0,0,0,0,0,0,1,0,3,0,0,0,0,0,0,0,0,0,0,0,11,1,46
臺南市,六甲區,0,0,0,0,0,1,0,0,0,0,0,0,0,0,1,0,0,0,0,0,0,0,0,0,0,0,0,0,0,2,0,0,1,0,0,0,0,0,0,0,0,0,0,0,0,0,0,0,0,0,0,0,0,2,0,7
臺南市,北門區,0,0,0,0,0,3,0,0,1,0,0,0,1,0,0,0,0,0,0,0,0,0,0,0,0,0,0,0,0,4,0,0,0,0,0,0,0,1,0,0,0,0,0,0,0,0,0,0,0,0,0,0,0,4,0,14
臺南市,北區,0,0,0,1,0,11,0,0,7,0,0,0,1,0,2,0,0,0,0,0,0,0,1,0,0,0,0,0,0,5,1,0,2,0,0,0,0,1,0,0,0,1,1,0,0,0,0,0,0,1,0,0,0,8,0,43
臺南市,左鎮區,0,0,0,0,0,2,0,0,0,0,0,0,1,0,0,0,0,0,0,0,0,0,0,0,0,0,0,0,0,0,0,0,0,0,0,0,0,0,0,0,0,0,0,0,0,0,0,0,0,0,0,0,0,2,0,5
臺南市,永康區,0,0,0,1,0,13,0,0,11,0,0,0,2,0,4,0,0,0,0,0,0,0,5,0,0,0,0,0,1,3,0,0,4,0,0,0,1,4,0,0,0,1,2,0,0,1,0,0,0,1,0,0,1,13,0,68
臺南市,玉井區,0,0,0,0,0,1,0,0,2,0,0,0,1,0,0,0,0,0,0,0,0,0,1,0,0,0,0,0,1,1,0,0,1,0,0,0,0,0,0,0,0,0,0,0,0,0,0,0,0,0,0,0,0,6,0,14
臺南市,白河區,0,0,0,0,0,6,0,0,1,0,0,0,2,0,0,0,0,0,0,0,0,0,2,0,0,0,0,0,0,4,0,0,1,0,0,0,0,0,0,0,0,2,0,0,0,0,0,0,0,0,0,0,0,8,0,26
臺南市,安平區,0,0,0,0,0,4,0,0,5,0,0,0,1,0,0,0,0,0,0,0,0,0,0,0,0,0,0,0,0,3,0,0,1,0,0,0,1,0,0,0,0,2,0,0,0,0,0,0,0,0,0,0,0,6,0,23
臺南市,安定區,0,0,0,0,0,2,0,0,1,0,0,0,1,0,0,0,0,0,0,0,0,0,0,1,0,0,0,0,0,0,0,0,1,0,0,0,0,0,0,0,0,2,0,0,0,0,0,0,0,0,0,1,0,1,0,10
臺南市,安南區,0,0,0,0,0,10,0,0,8,0,0,0,1,0,0,0,0,0,0,0,1,0,3,0,0,0,0,0,2,5,0,1,4,0,0,0,0,1,0,0,0,2,4,0,1,0,0,0,0,3,0,1,0,14,1,62
臺南市,西港區,0,0,0,0,0,2,0,0,2,0,0,0,0,0,0,0,0,0,0,0,0,0,0,0,0,0,0,0,1,1,0,0,0,0,0,0,0,0,0,0,0,1,0,0,0,0,0,0,0,2,0,0,0,3,0,12
臺南市,佳里區,0,0,0,0,0,7,0,0,6,0,0,0,5,0,0,1,0,0,0,0,0,0,2,0,0,0,0,0,0,4,0,0,2,0,0,0,0,3,0,0,0,2,0,0,0,0,0,0,0,2,0,0,0,9,0,43
臺南市,官田區,0,0,0,0,1,4,0,0,0,0,0,0,2,0,0,0,0,0,0,0,0,0,2,0,0,1,0,0,0,2,0,0,0,0,0,0,0,0,0,0,0,0,0,0,0,0,0,0,0,0,0,1,0,5,0,18
臺南市,東山區,0,0,0,0,0,2,0,0,2,0,0,0,1,0,0,0,0,0,0,0,0,0,0,0,0,1,0,0,0,0,0,0,0,1,0,0,0,2,0,0,0,1,0,0,0,0,0,0,0,2,0,0,0,7,0,19
臺南市,東區,0,0,0,2,0,9,0,0,12,0,0,0,2,0,0,0,0,0,0,0,0,0,3,0,0,0,0,0,0,5,1,0,5,0,0,0,2,0,0,0,0,2,0,0,0,0,0,0,0,2,0,0,0,14,1,60
臺南市,南化區,0,0,0,0,0,3,0,0,0,0,0,0,1,0,0,0,0,0,0,0,0,0,0,0,0,0,0,0,0,0,0,0,0,0,0,0,0,0,0,0,0,0,0,0,0,0,0,0,0,1,0,0,0,2,0,7
臺南市,南區,0,0,0,1,0,8,0,0,8,1,0,0,3,0,1,0,0,0,0,0,0,0,2,0,1,0,0,0,1,7,0,1,4,1,1,0,0,2,1,0,0,3,0,0,0,0,0,2,0,0,0,0,0,8,0,56
臺南市,後壁區,0,0,0,1,0,1,0,0,5,0,0,0,0,0,0,0,0,0,0,0,0,0,1,0,0,0,0,0,1,3,0,0,0,0,0,0,0,0,0,0,0,2,1,0,0,0,0,0,0,0,0,0,0,7,0,22
臺南市,柳營區,0,0,0,1,0,4,0,0,1,0,0,0,0,0,0,0,0,0,0,0,0,0,0,0,0,0,0,0,0,1,0,0,0,0,0,0,0,0,0,0,0,0,0,0,0,0,0,0,0,0,0,0,0,4,1,12
臺南市,將軍區,0,0,0,0,0,3,0,0,1,0,0,0,0,0,1,0,0,0,0,0,0,0,0,0,0,0,0,0,0,3,1,0,0,0,0,0,0,1,0,0,0,1,0,0,0,0,0,0,0,1,0,0,0,2,0,14
臺南市,麻豆區,0,0,0,0,0,11,0,0,7,0,0,0,3,0,2,0,0,0,0,0,0,0,0,0,0,0,0,0,1,6,1,0,3,0,0,0,0,0,0,0,0,2,0,0,0,0,0,1,0,1,0,1,0,10,0,49
臺南市,善化區,0,0,0,0,0,6,0,0,4,0,0,0,0,0,4,0,0,0,0,0,0,0,1,0,0,0,0,0,0,1,1,0,2,0,0,0,0,1,0,0,0,1,0,0,0,0,0,0,0,1,0,0,0,8,0,30
臺南市,新化區,0,0,0,0,0,5,0,0,4,0,0,0,1,0,0,0,0,0,0,0,0,0,1,0,0,1,0,0,1,2,0,0,1,0,0,0,0,1,0,0,0,2,1,0,0,0,0,0,0,0,0,0,0,5,0,25
臺南市,新市區,0,0,0,0,0,1,0,0,2,0,0,0,1,0,0,0,0,0,0,1,0,0,1,0,0,0,0,0,2,2,0,1,2,0,0,0,0,2,0,0,0,1,1,0,1,0,0,0,0,1,0,1,0,2,0,22
臺南市,新營區,0,0,0,0,0,10,0,0,5,0,0,0,3,0,0,0,0,0,0,1,0,0,1,0,0,0,0,0,0,5,0,0,0,0,0,0,0,1,0,0,0,0,0,0,0,0,0,0,0,2,0,1,0,12,0,41
臺南市,楠西區,0,0,0,0,0,1,0,0,1,0,0,0,0,0,0,0,0,0,0,0,0,0,0,0,0,0,0,0,0,0,0,0,0,0,0,0,1,0,0,0,0,0,0,0,0,0,0,0,0,0,0,0,0,2,0,5
臺南市,學甲區,0,0,0,1,0,1,0,0,1,0,0,0,0,0,0,0,0,0,0,0,0,0,0,0,0,0,0,0,0,2,0,0,0,0,0,0,0,0,0,0,0,0,0,0,0,0,0,0,0,1,0,0,0,1,0,7
臺南市,龍崎區,0,0,0,0,0,0,0,0,1,0,0,0,0,0,0,0,0,0,0,0,0,0,0,0,0,0,0,0,0,1,0,0,0,0,0,0,0,0,0,0,0,0,0,0,0,0,0,0,0,0,0,0,0,0,0,2
臺南市,歸仁區,0,0,0,1,0,5,0,0,6,0,0,0,1,0,0,0,0,0,0,0,0,0,0,0,0,0,0,0,1,1,0,1,4,0,0,0,1,0,0,0,0,2,1,0,0,0,0,1,0,0,0,1,0,6,0,32
臺南市,關廟區,0,0,0,0,0,4,0,0,2,0,0,0,1,0,0,0,0,0,0,0,0,0,0,0,0,1,0,0,0,0,0,0,0,0,0,0,0,1,0,1,0,1,0,0,0,0,0,0,0,0,0,0,0,5,0,16
臺南市,鹽水區,0,0,0,0,0,6,0,0,4,0,0,0,1,0,0,0,0,0,0,0,0,0,0,0,0,0,0,0,0,0,0,0,0,0,0,0,0,1,0,0,0,0,0,0,0,0,0,0,0,1,0,0,0,6,0,19
澎湖縣,七美鄉,0,0,0,0,0,3,0,0,0,0,0,0,0,0,0,0,0,0,0,0,0,0,0,0,0,0,0,0,0,0,0,0,0,0,0,0,0,0,0,0,0,0,0,0,0,0,0,0,0,1,0,0,0,3,1,8
澎湖縣,白沙鄉,0,0,0,0,0,5,0,0,2,0,0,0,0,0,0,0,0,0,0,0,0,0,1,0,0,0,0,0,0,1,1,1,0,0,0,0,0,1,0,0,0,0,0,0,0,0,0,0,0,0,0,0,0,8,0,20
澎湖縣,西嶼鄉,0,0,0,0,0,2,0,0,0,0,0,0,2,0,0,0,0,0,0,0,0,0,0,0,0,0,0,0,0,0,0,0,0,0,0,0,0,0,0,0,0,0,0,0,0,0,0,0,0,0,0,0,0,6,0,10
澎湖縣,馬公市,0,0,0,0,0,14,0,0,4,0,0,0,2,0,0,0,0,0,0,0,0,0,3,0,0,0,0,0,1,2,0,1,2,0,0,0,0,2,0,0,0,0,0,0,0,2,0,0,0,1,1,0,0,18,0,53
澎湖縣,望安鄉,0,0,0,1,0,2,0,0,1,0,0,0,0,0,1,0,0,0,0,0,0,0,0,0,0,0,0,0,0,0,0,0,0,0,0,0,0,0,0,0,0,0,0,0,0,0,0,0,0,0,0,0,0,2,0,7
澎湖縣,湖西鄉,0,0,0,0,0,7,0,0,1,0,0,0,0,0,0,0,0,0,0,0,0,0,1,0,0,0,0,0,0,1,0,1,1,0,0,0,0,0,0,0,1,0,0,0,0,0,0,0,0,1,0,0,0,7,0,21